{"skeleton":{"hash":"WmTA8bhRMW5RR8ozclJJLaTS8GE","spine":"3.6.53","width":149,"height":147,"images":""},"bones":[{"name":"root"},{"name":"bone","parent":"root","x":0.02,"y":4.83,"color":"ffffffff"},{"name":"bone3","parent":"root","x":-0.03,"y":-2.39,"color":"ffffffff"},{"name":"shine","parent":"root","rotation":-8.83,"x":-68.58,"y":16.59,"scaleX":0.726,"color":"acff68d3"}],"slots":[{"name":"chi_anniu","bone":"root","attachment":"chi_anniu"},{"name":"gang_anniu","bone":"root","attachment":"gang_anniu"},{"name":"guo_anniu","bone":"root","attachment":"guo_anniu"},{"name":"hu_anniu","bone":"root","attachment":"hu_anniu"},{"name":"peng_anniu","bone":"root","attachment":"peng_anniu"},{"name":"ting_anniu","bone":"root","attachment":"ting_anniu"},{"name":"tishi_anniu","bone":"root","attachment":"tishi_anniu"},{"name":"anniu_glow","bone":"root","blend":"additive"},{"name":"anniu_guangyun3","bone":"bone3","attachment":"anniu_guangyun","blend":"additive"},{"name":"anniu_guangyun","bone":"root","blend":"additive"},{"name":"anniu_glow2","bone":"bone","attachment":"anniu_glow","blend":"additive"},{"name":"shine","bone":"root"}],"skins":{"default":{"anniu_glow2":{"anniu_glow":{"x":-0.02,"y":-0.01,"width":114,"height":112}},"anniu_guangyun3":{"anniu_guangyun":{"x":0.03,"y":-0.01,"width":149,"height":147}},"chi_anniu":{"chi_anniu":{"width":131,"height":128}},"gang_anniu":{"gang_anniu":{"width":131,"height":128}},"guo_anniu":{"guo_anniu":{"width":131,"height":128}},"hu_anniu":{"hu_anniu":{"width":131,"height":128}},"peng_anniu":{"peng_anniu":{"width":131,"height":128}},"ting_anniu":{"ting_anniu":{"width":131,"height":128}},"tishi_anniu":{"tishi_anniu":{"width":76,"height":75}}}},"animations":{"animation1":{"slots":{"anniu_guangyun3":{"color":[{"time":0,"color":"ffffff00"},{"time":0.3333,"color":"ffe1a7ff"},{"time":1.3333,"color":"ffffff00"}]},"gang_anniu":{"attachment":[{"time":0,"name":null}]},"guo_anniu":{"attachment":[{"time":0,"name":null}]},"hu_anniu":{"attachment":[{"time":0,"name":null}]},"peng_anniu":{"attachment":[{"time":0,"name":null}]},"ting_anniu":{"attachment":[{"time":0,"name":null}]},"tishi_anniu":{"attachment":[{"time":0,"name":null}]}},"bones":{"bone3":{"scale":[{"time":0,"x":0.823,"y":0.823},{"time":0.3333,"x":1,"y":1},{"time":1.3333,"x":1.1,"y":1.1}]},"bone":{"rotate":[{"time":0,"angle":0},{"time":1.3333,"angle":180}]},"shine":{"translate":[{"time":0,"x":4.29,"y":0},{"time":1.3333,"x":134.24,"y":0}]}}},"animation2":{"slots":{"anniu_guangyun3":{"color":[{"time":0,"color":"ffffff00"},{"time":0.3333,"color":"ffe1a7ff"},{"time":1.3333,"color":"ffffff00"}]},"chi_anniu":{"attachment":[{"time":0,"name":null}]},"guo_anniu":{"attachment":[{"time":0,"name":null}]},"hu_anniu":{"attachment":[{"time":0,"name":null}]},"peng_anniu":{"attachment":[{"time":0,"name":null}]},"ting_anniu":{"attachment":[{"time":0,"name":null}]},"tishi_anniu":{"attachment":[{"time":0,"name":null}]}},"bones":{"bone3":{"scale":[{"time":0,"x":0.823,"y":0.823},{"time":0.3333,"x":1,"y":1},{"time":1.3333,"x":1.1,"y":1.1}]},"bone":{"rotate":[{"time":0,"angle":0},{"time":1.3333,"angle":180}]},"shine":{"translate":[{"time":0,"x":4.29,"y":0},{"time":1.3333,"x":134.24,"y":0}]}}},"animation3":{"slots":{"anniu_guangyun3":{"color":[{"time":0,"color":"78f3ff00"},{"time":0.3333,"color":"6cd0ffff"},{"time":1.3333,"color":"8dfffb00"}]},"chi_anniu":{"attachment":[{"time":0,"name":null}]},"gang_anniu":{"attachment":[{"time":0,"name":null}]},"hu_anniu":{"attachment":[{"time":0,"name":null}]},"peng_anniu":{"attachment":[{"time":0,"name":null}]},"ting_anniu":{"attachment":[{"time":0,"name":null}]},"tishi_anniu":{"attachment":[{"time":0,"name":null}]}},"bones":{"bone3":{"translate":[{"time":1.3333,"x":0.45,"y":0.45}],"scale":[{"time":0,"x":0.823,"y":0.823},{"time":0.3333,"x":1,"y":1},{"time":1.3333,"x":1.1,"y":1.1}]},"bone":{"rotate":[{"time":0,"angle":0},{"time":1.3333,"angle":180}]},"shine":{"translate":[{"time":0,"x":4.29,"y":0},{"time":1.3333,"x":134.24,"y":0}]}}},"animation4":{"slots":{"anniu_guangyun3":{"color":[{"time":0,"color":"ff7a7a00"},{"time":0.3333,"color":"ff9c9cff"},{"time":1.3333,"color":"ffc1c100"}]},"chi_anniu":{"attachment":[{"time":0,"name":null}]},"gang_anniu":{"attachment":[{"time":0,"name":null}]},"guo_anniu":{"attachment":[{"time":0,"name":null}]},"hu_anniu":{"attachment":[{"time":0,"name":"hu_anniu"}]},"peng_anniu":{"attachment":[{"time":0,"name":null}]},"ting_anniu":{"attachment":[{"time":0,"name":null}]},"tishi_anniu":{"attachment":[{"time":0,"name":null}]}},"bones":{"bone3":{"scale":[{"time":0,"x":0.823,"y":0.823},{"time":0.3333,"x":1,"y":1},{"time":1.3333,"x":1.1,"y":1.1}]},"bone":{"rotate":[{"time":0,"angle":0},{"time":1.3333,"angle":180}]},"shine":{"translate":[{"time":0,"x":4.29,"y":0},{"time":1.3333,"x":134.24,"y":0}]}}},"animation5":{"slots":{"anniu_guangyun3":{"color":[{"time":0,"color":"ffffff00"},{"time":0.3333,"color":"ffeea7ff"},{"time":1.3333,"color":"ffeb9400"}]},"chi_anniu":{"attachment":[{"time":0,"name":null}]},"gang_anniu":{"attachment":[{"time":0,"name":null}]},"guo_anniu":{"attachment":[{"time":0,"name":null}]},"hu_anniu":{"attachment":[{"time":0,"name":null}]},"peng_anniu":{"attachment":[{"time":0,"name":"peng_anniu"}]},"ting_anniu":{"attachment":[{"time":0,"name":null}]},"tishi_anniu":{"attachment":[{"time":0,"name":null}]}},"bones":{"bone3":{"scale":[{"time":0,"x":0.823,"y":0.823},{"time":0.3333,"x":1,"y":1},{"time":1.3333,"x":1.1,"y":1.1}]},"bone":{"rotate":[{"time":0,"angle":0},{"time":1.3333,"angle":180}]},"shine":{"translate":[{"time":0,"x":4.29,"y":0},{"time":1.3333,"x":134.24,"y":0}]}}},"animation6":{"slots":{"anniu_guangyun3":{"color":[{"time":0,"color":"a7ff5700"},{"time":0.3333,"color":"a4ff82ff"},{"time":1.3333,"color":"abff9700"}]},"chi_anniu":{"attachment":[{"time":0,"name":null}]},"gang_anniu":{"attachment":[{"time":0,"name":null}]},"guo_anniu":{"attachment":[{"time":0,"name":null}]},"hu_anniu":{"attachment":[{"time":0,"name":null}]},"peng_anniu":{"attachment":[{"time":0,"name":"peng_anniu"}]},"ting_anniu":{"attachment":[{"time":0,"name":"ting_anniu"}]},"tishi_anniu":{"attachment":[{"time":0,"name":null}]}},"bones":{"bone3":{"scale":[{"time":0,"x":0.823,"y":0.823},{"time":0.3333,"x":1,"y":1},{"time":1.3333,"x":1.1,"y":1.1}]},"bone":{"rotate":[{"time":0,"angle":0},{"time":1.3333,"angle":180}]},"shine":{"translate":[{"time":0,"x":4.29,"y":0},{"time":1.3333,"x":134.24,"y":0}]}}},"animation7":{"slots":{"anniu_guangyun3":{"color":[{"time":0,"color":"ffffff00"},{"time":0.3333,"color":"ffffffff"},{"time":1.3333,"color":"ffffff00"}]},"chi_anniu":{"attachment":[{"time":0,"name":null}]},"gang_anniu":{"attachment":[{"time":0,"name":null}]},"guo_anniu":{"attachment":[{"time":0,"name":null}]},"hu_anniu":{"attachment":[{"time":0,"name":null}]},"peng_anniu":{"attachment":[{"time":0,"name":null}]},"ting_anniu":{"attachment":[{"time":0,"name":null}]},"tishi_anniu":{"attachment":[{"time":0,"name":"tishi_anniu"}]}},"bones":{"bone3":{"scale":[{"time":0,"x":0.47,"y":0.47},{"time":0.3333,"x":0.5,"y":0.5},{"time":1.3333,"x":0.6,"y":0.6}]},"bone":{"rotate":[{"time":0,"angle":0},{"time":1.3333,"angle":180}],"translate":[{"time":0,"x":0,"y":-4.13}],"scale":[{"time":0,"x":0.6,"y":0.6}]},"shine":{"translate":[{"time":0,"x":4.29,"y":0},{"time":1.3333,"x":134.24,"y":0}]}}}}}