{
"skeleton": { "hash": "rPmM0mOkxlw4SFI0Qh34tg6JHoQ", "spine": "3.6.53", "width": 1414, "height": 790, "images": "./归档/" },
"bones": [
	{ "name": "root" },
	{ "name": "zp1", "parent": "root" },
	{ "name": "game001", "parent": "zp1", "length": 50, "x": -107.64, "y": -1.3, "scaleX": 1.222, "scaleY": 1.222 },
	{ "name": "game1", "parent": "game001", "length": 46.33, "x": 41.63, "y": 0.51 },
	{ "name": "game0001", "parent": "game1", "length": 47.94, "x": 40.76, "y": -0.09 },
	{ "name": "game00001", "parent": "game0001", "length": 43.45, "x": 47.94 },
	{ "name": "zp2", "parent": "root", "y": 4, "scaleX": -1 },
	{ "name": "game2", "parent": "zp2", "length": 50, "x": -107.64, "y": -1.3, "scaleX": 1.222, "scaleY": 1.222 },
	{ "name": "game3", "parent": "game2", "length": 46.33, "x": 41.63, "y": 0.51 },
	{ "name": "game4", "parent": "game3", "length": 47.94, "x": 40.76, "y": -0.09 },
	{ "name": "game5", "parent": "game4", "length": 43.45, "x": 47.94 },
	{ "name": "zp3", "parent": "root", "y": 8 },
	{ "name": "game6", "parent": "zp3", "length": 50, "x": -107.64, "y": -1.3, "scaleX": 1.222, "scaleY": 1.222 },
	{ "name": "game7", "parent": "game6", "length": 46.33, "x": 41.63, "y": 0.51 },
	{ "name": "game8", "parent": "game7", "length": 47.94, "x": 40.76, "y": -0.09 },
	{ "name": "game9", "parent": "game8", "length": 43.45, "x": 47.94 },
	{ "name": "zp4", "parent": "root", "y": 12, "scaleX": -1 },
	{ "name": "game10", "parent": "zp4", "length": 50, "x": -107.64, "y": -1.3, "scaleX": 1.222, "scaleY": 1.222 },
	{ "name": "game11", "parent": "game10", "length": 46.33, "x": 41.63, "y": 0.51 },
	{ "name": "game12", "parent": "game11", "length": 47.94, "x": 40.76, "y": -0.09 },
	{ "name": "game13", "parent": "game12", "length": 43.45, "x": 47.94 },
	{ "name": "zp5", "parent": "root", "y": 16 },
	{ "name": "game14", "parent": "zp5", "length": 50, "x": -107.64, "y": -1.3, "scaleX": 1.222, "scaleY": 1.222 },
	{ "name": "game15", "parent": "game14", "length": 46.33, "x": 41.63, "y": 0.51 },
	{ "name": "game16", "parent": "game15", "length": 47.94, "x": 40.76, "y": -0.09 },
	{ "name": "game17", "parent": "game16", "length": 43.45, "x": 47.94 },
	{ "name": "zp6", "parent": "root", "y": 20, "scaleX": -1 },
	{ "name": "game18", "parent": "zp6", "length": 50, "x": -107.64, "y": -1.3, "scaleX": 1.222, "scaleY": 1.222 },
	{ "name": "game19", "parent": "game18", "length": 46.33, "x": 41.63, "y": 0.51 },
	{ "name": "game20", "parent": "game19", "length": 47.94, "x": 40.76, "y": -0.09 },
	{ "name": "game21", "parent": "game20", "length": 43.45, "x": 47.94 },
	{ "name": "zp7", "parent": "root", "y": 24 },
	{ "name": "game22", "parent": "zp7", "length": 50, "x": -107.64, "y": -1.3, "scaleX": 1.222, "scaleY": 1.222 },
	{ "name": "game23", "parent": "game22", "length": 46.33, "x": 41.63, "y": 0.51 },
	{ "name": "game24", "parent": "game23", "length": 47.94, "x": 40.76, "y": -0.09 },
	{ "name": "game25", "parent": "game24", "length": 43.45, "x": 47.94 },
	{ "name": "zp8", "parent": "root", "y": 28, "scaleX": -1 },
	{ "name": "game26", "parent": "zp8", "length": 50, "x": -107.64, "y": -1.3, "scaleX": 1.222, "scaleY": 1.222 },
	{ "name": "game27", "parent": "game26", "length": 46.33, "x": 41.63, "y": 0.51 },
	{ "name": "game28", "parent": "game27", "length": 47.94, "x": 40.76, "y": -0.09 },
	{ "name": "game29", "parent": "game28", "length": 43.45, "x": 47.94 },
	{ "name": "zp9", "parent": "root", "y": 32 },
	{ "name": "game30", "parent": "zp9", "length": 50, "x": -107.64, "y": -1.3, "scaleX": 1.222, "scaleY": 1.222 },
	{ "name": "game31", "parent": "game30", "length": 46.33, "x": 41.63, "y": 0.51 },
	{ "name": "game32", "parent": "game31", "length": 47.94, "x": 40.76, "y": -0.09 },
	{ "name": "game33", "parent": "game32", "length": 43.45, "x": 47.94 },
	{ "name": "zp10", "parent": "root", "y": 36, "scaleX": -1 },
	{ "name": "game34", "parent": "zp10", "length": 50, "x": -107.64, "y": -1.3, "scaleX": 1.222, "scaleY": 1.222 },
	{ "name": "game35", "parent": "game34", "length": 46.33, "x": 41.63, "y": 0.51 },
	{ "name": "game36", "parent": "game35", "length": 47.94, "x": 40.76, "y": -0.09 },
	{ "name": "game37", "parent": "game36", "length": 43.45, "x": 47.94 },
	{ "name": "zp11", "parent": "root", "y": 40 },
	{ "name": "game38", "parent": "zp11", "length": 50, "x": -107.64, "y": -1.3, "scaleX": 1.222, "scaleY": 1.222 },
	{ "name": "game39", "parent": "game38", "length": 46.33, "x": 41.63, "y": 0.51 },
	{ "name": "game40", "parent": "game39", "length": 47.94, "x": 40.76, "y": -0.09 },
	{ "name": "game41", "parent": "game40", "length": 43.45, "x": 47.94 },
	{ "name": "zp12", "parent": "root", "y": 44, "scaleX": -1 },
	{ "name": "game42", "parent": "zp12", "length": 50, "x": -107.64, "y": -1.3, "scaleX": 1.222, "scaleY": 1.222 },
	{ "name": "game43", "parent": "game42", "length": 46.33, "x": 41.63, "y": 0.51 },
	{ "name": "game44", "parent": "game43", "length": 47.94, "x": 40.76, "y": -0.09 },
	{ "name": "game45", "parent": "game44", "length": 43.45, "x": 47.94 }
],
"slots": [
	{ "name": "zp1", "bone": "zp1", "attachment": "gameZP2" },
	{ "name": "zp2", "bone": "zp2", "attachment": "gameZP2" },
	{ "name": "zp3", "bone": "zp3", "attachment": "gameZP2" },
	{ "name": "zp4", "bone": "zp4", "attachment": "gameZP2" },
	{ "name": "zp5", "bone": "zp5", "attachment": "gameZP2" },
	{ "name": "zp6", "bone": "zp6", "attachment": "gameZP2" },
	{ "name": "zp7", "bone": "zp7", "attachment": "gameZP2" },
	{ "name": "zp8", "bone": "zp8", "attachment": "gameZP2" },
	{ "name": "zp9", "bone": "zp9", "attachment": "gameZP2" },
	{ "name": "zp10", "bone": "zp10", "attachment": "gameZP2" },
	{ "name": "zp11", "bone": "zp11", "attachment": "gameZP2" },
	{ "name": "zp12", "bone": "zp12", "attachment": "gameZP2" }
],
"skins": {
	"default": {
		"zp1": {
			"gameZP2": {
				"type": "mesh",
				"uvs": [ 1, 1, 0.90025, 1, 0.75356, 1, 0.54671, 0.99999, 0.30605, 0.99999, 0, 1, 0, 0, 0.30926, 0, 0.54354, 0, 0.75355, 0, 0.90344, 0, 1, 0, 0.75675, 0.50133, 0.54675, 0.50133, 0.90025, 0.52911, 0.31247, 0.53611 ],
				"triangles": [ 11, 0, 14, 14, 10, 11, 0, 1, 14, 2, 14, 1, 14, 12, 10, 14, 2, 12, 12, 9, 10, 12, 2, 13, 13, 9, 12, 2, 3, 13, 13, 8, 9, 3, 15, 13, 13, 7, 8, 4, 15, 3, 13, 15, 7, 4, 5, 15, 15, 6, 7, 6, 15, 5 ],
				"vertices": [ 1, 5, 48.32, -28.96, 1, 2, 4, 77.8, -29.79, 0.216, 5, 30.37, -29.27, 0.784, 2, 4, 51.39, -29.79, 0.504, 5, 3.97, -29.72, 0.496, 2, 3, 54.96, -29.86, 0.408, 4, 14.16, -29.78, 0.592, 2, 2, 52.96, -29.52, 0.4, 3, 11.64, -29.91, 0.6, 1, 2, -2.12, -29.02, 1, 1, 2, -1.56, 32.98, 1, 2, 2, 54.11, 32.47, 0.4, 3, 12.14, 32.09, 0.6, 2, 3, 54.31, 32.14, 0.408, 4, 13.59, 32.21, 0.592, 2, 4, 51.39, 32.21, 0.504, 5, 2.9, 32.27, 0.496, 2, 4, 78.37, 32.21, 0.216, 5, 29.87, 32.73, 0.784, 1, 5, 47.25, 33.03, 1, 2, 4, 51.97, 1.13, 0.504, 5, 4.01, 1.2, 0.496, 2, 3, 54.93, 1.06, 0.408, 4, 14.17, 1.13, 0.592, 2, 4, 77.8, -0.59, 0.216, 5, 29.87, -0.08, 0.784, 2, 2, 54.38, -0.77, 0.4, 3, 12.76, -1.15, 0.6 ],
				"hull": 12,
				"edges": [ 10, 12, 0, 22, 16, 18, 4, 6, 18, 20, 20, 22, 0, 2, 2, 4, 12, 14, 14, 16, 6, 8, 8, 10 ],
				"width": 180,
				"height": 62
			}
		},
		"zp10": {
			"gameZP2": {
				"type": "mesh",
				"uvs": [ 1, 1, 0.90025, 1, 0.75356, 1, 0.54671, 0.99999, 0.30605, 0.99999, 0, 1, 0, 0, 0.30926, 0, 0.54354, 0, 0.75355, 0, 0.90344, 0, 1, 0, 0.75675, 0.50133, 0.54675, 0.50133, 0.90025, 0.52911, 0.31247, 0.53611 ],
				"triangles": [ 11, 0, 14, 14, 10, 11, 0, 1, 14, 2, 14, 1, 14, 12, 10, 14, 2, 12, 12, 9, 10, 12, 2, 13, 13, 9, 12, 2, 3, 13, 13, 8, 9, 3, 15, 13, 13, 7, 8, 4, 15, 3, 13, 15, 7, 4, 5, 15, 15, 6, 7, 6, 15, 5 ],
				"vertices": [ 1, 50, 48.32, -28.96, 1, 2, 49, 77.8, -29.79, 0.216, 50, 30.37, -29.27, 0.784, 2, 49, 51.39, -29.79, 0.504, 50, 3.97, -29.72, 0.496, 2, 48, 54.96, -29.86, 0.408, 49, 14.16, -29.78, 0.592, 2, 47, 52.96, -29.52, 0.4, 48, 11.64, -29.91, 0.6, 1, 47, -2.12, -29.02, 1, 1, 47, -1.56, 32.98, 1, 2, 47, 54.11, 32.47, 0.4, 48, 12.14, 32.09, 0.6, 2, 48, 54.31, 32.14, 0.408, 49, 13.59, 32.21, 0.592, 2, 49, 51.39, 32.21, 0.504, 50, 2.9, 32.27, 0.496, 2, 49, 78.37, 32.21, 0.216, 50, 29.87, 32.73, 0.784, 1, 50, 47.25, 33.03, 1, 2, 49, 51.97, 1.13, 0.504, 50, 4.01, 1.2, 0.496, 2, 48, 54.93, 1.06, 0.408, 49, 14.17, 1.13, 0.592, 2, 49, 77.8, -0.59, 0.216, 50, 29.87, -0.08, 0.784, 2, 47, 54.38, -0.77, 0.4, 48, 12.76, -1.15, 0.6 ],
				"hull": 12,
				"edges": [ 10, 12, 0, 22, 16, 18, 4, 6, 18, 20, 20, 22, 0, 2, 2, 4, 12, 14, 14, 16, 6, 8, 8, 10 ],
				"width": 180,
				"height": 62
			}
		},
		"zp11": {
			"gameZP2": {
				"type": "mesh",
				"uvs": [ 1, 1, 0.90025, 1, 0.75356, 1, 0.54671, 0.99999, 0.30605, 0.99999, 0, 1, 0, 0, 0.30926, 0, 0.54354, 0, 0.75355, 0, 0.90344, 0, 1, 0, 0.75675, 0.50133, 0.54675, 0.50133, 0.90025, 0.52911, 0.31247, 0.53611 ],
				"triangles": [ 11, 0, 14, 14, 10, 11, 0, 1, 14, 2, 14, 1, 14, 12, 10, 14, 2, 12, 12, 9, 10, 12, 2, 13, 13, 9, 12, 2, 3, 13, 13, 8, 9, 3, 15, 13, 13, 7, 8, 4, 15, 3, 13, 15, 7, 4, 5, 15, 15, 6, 7, 6, 15, 5 ],
				"vertices": [ 1, 55, 48.32, -28.96, 1, 2, 54, 77.8, -29.79, 0.216, 55, 30.37, -29.27, 0.784, 2, 54, 51.39, -29.79, 0.504, 55, 3.97, -29.72, 0.496, 2, 53, 54.96, -29.86, 0.408, 54, 14.16, -29.78, 0.592, 2, 52, 52.96, -29.52, 0.4, 53, 11.64, -29.91, 0.6, 1, 52, -2.12, -29.02, 1, 1, 52, -1.56, 32.98, 1, 2, 52, 54.11, 32.47, 0.4, 53, 12.14, 32.09, 0.6, 2, 53, 54.31, 32.14, 0.408, 54, 13.59, 32.21, 0.592, 2, 54, 51.39, 32.21, 0.504, 55, 2.9, 32.27, 0.496, 2, 54, 78.37, 32.21, 0.216, 55, 29.87, 32.73, 0.784, 1, 55, 47.25, 33.03, 1, 2, 54, 51.97, 1.13, 0.504, 55, 4.01, 1.2, 0.496, 2, 53, 54.93, 1.06, 0.408, 54, 14.17, 1.13, 0.592, 2, 54, 77.8, -0.59, 0.216, 55, 29.87, -0.08, 0.784, 2, 52, 54.38, -0.77, 0.4, 53, 12.76, -1.15, 0.6 ],
				"hull": 12,
				"edges": [ 10, 12, 0, 22, 16, 18, 4, 6, 18, 20, 20, 22, 0, 2, 2, 4, 12, 14, 14, 16, 6, 8, 8, 10 ],
				"width": 180,
				"height": 62
			}
		},
		"zp12": {
			"gameZP2": {
				"type": "mesh",
				"uvs": [ 1, 1, 0.90025, 1, 0.75356, 1, 0.54671, 0.99999, 0.30605, 0.99999, 0, 1, 0, 0, 0.30926, 0, 0.54354, 0, 0.75355, 0, 0.90344, 0, 1, 0, 0.75675, 0.50133, 0.54675, 0.50133, 0.90025, 0.52911, 0.31247, 0.53611 ],
				"triangles": [ 11, 0, 14, 14, 10, 11, 0, 1, 14, 2, 14, 1, 14, 12, 10, 14, 2, 12, 12, 9, 10, 12, 2, 13, 13, 9, 12, 2, 3, 13, 13, 8, 9, 3, 15, 13, 13, 7, 8, 4, 15, 3, 13, 15, 7, 4, 5, 15, 15, 6, 7, 6, 15, 5 ],
				"vertices": [ 1, 60, 48.32, -28.96, 1, 2, 59, 77.8, -29.79, 0.216, 60, 30.37, -29.27, 0.784, 2, 59, 51.39, -29.79, 0.504, 60, 3.97, -29.72, 0.496, 2, 58, 54.96, -29.86, 0.408, 59, 14.16, -29.78, 0.592, 2, 57, 52.96, -29.52, 0.4, 58, 11.64, -29.91, 0.6, 1, 57, -2.12, -29.02, 1, 1, 57, -1.56, 32.98, 1, 2, 57, 54.11, 32.47, 0.4, 58, 12.14, 32.09, 0.6, 2, 58, 54.31, 32.14, 0.408, 59, 13.59, 32.21, 0.592, 2, 59, 51.39, 32.21, 0.504, 60, 2.9, 32.27, 0.496, 2, 59, 78.37, 32.21, 0.216, 60, 29.87, 32.73, 0.784, 1, 60, 47.25, 33.03, 1, 2, 59, 51.97, 1.13, 0.504, 60, 4.01, 1.2, 0.496, 2, 58, 54.93, 1.06, 0.408, 59, 14.17, 1.13, 0.592, 2, 59, 77.8, -0.59, 0.216, 60, 29.87, -0.08, 0.784, 2, 57, 54.38, -0.77, 0.4, 58, 12.76, -1.15, 0.6 ],
				"hull": 12,
				"edges": [ 10, 12, 0, 22, 16, 18, 4, 6, 18, 20, 20, 22, 0, 2, 2, 4, 12, 14, 14, 16, 6, 8, 8, 10 ],
				"width": 180,
				"height": 62
			}
		},
		"zp2": {
			"gameZP2": {
				"type": "mesh",
				"uvs": [ 1, 1, 0.90025, 1, 0.75356, 1, 0.54671, 0.99999, 0.30605, 0.99999, 0, 1, 0, 0, 0.30926, 0, 0.54354, 0, 0.75355, 0, 0.90344, 0, 1, 0, 0.75675, 0.50133, 0.54675, 0.50133, 0.90025, 0.52911, 0.31247, 0.53611 ],
				"triangles": [ 11, 0, 14, 14, 10, 11, 0, 1, 14, 2, 14, 1, 14, 12, 10, 14, 2, 12, 12, 9, 10, 12, 2, 13, 13, 9, 12, 2, 3, 13, 13, 8, 9, 3, 15, 13, 13, 7, 8, 4, 15, 3, 13, 15, 7, 4, 5, 15, 15, 6, 7, 6, 15, 5 ],
				"vertices": [ 1, 10, 48.32, -28.96, 1, 2, 9, 77.8, -29.79, 0.216, 10, 30.37, -29.27, 0.784, 2, 9, 51.39, -29.79, 0.504, 10, 3.97, -29.72, 0.496, 2, 8, 54.96, -29.86, 0.408, 9, 14.16, -29.78, 0.592, 2, 7, 52.96, -29.52, 0.4, 8, 11.64, -29.91, 0.6, 1, 7, -2.12, -29.02, 1, 1, 7, -1.56, 32.98, 1, 2, 7, 54.11, 32.47, 0.4, 8, 12.14, 32.09, 0.6, 2, 8, 54.31, 32.14, 0.408, 9, 13.59, 32.21, 0.592, 2, 9, 51.39, 32.21, 0.504, 10, 2.9, 32.27, 0.496, 2, 9, 78.37, 32.21, 0.216, 10, 29.87, 32.73, 0.784, 1, 10, 47.25, 33.03, 1, 2, 9, 51.97, 1.13, 0.504, 10, 4.01, 1.2, 0.496, 2, 8, 54.93, 1.06, 0.408, 9, 14.17, 1.13, 0.592, 2, 9, 77.8, -0.59, 0.216, 10, 29.87, -0.08, 0.784, 2, 7, 54.38, -0.77, 0.4, 8, 12.76, -1.15, 0.6 ],
				"hull": 12,
				"edges": [ 10, 12, 0, 22, 16, 18, 4, 6, 18, 20, 20, 22, 0, 2, 2, 4, 12, 14, 14, 16, 6, 8, 8, 10 ],
				"width": 180,
				"height": 62
			}
		},
		"zp3": {
			"gameZP2": {
				"type": "mesh",
				"uvs": [ 1, 1, 0.90025, 1, 0.75356, 1, 0.54671, 0.99999, 0.30605, 0.99999, 0, 1, 0, 0, 0.30926, 0, 0.54354, 0, 0.75355, 0, 0.90344, 0, 1, 0, 0.75675, 0.50133, 0.54675, 0.50133, 0.90025, 0.52911, 0.31247, 0.53611 ],
				"triangles": [ 11, 0, 14, 14, 10, 11, 0, 1, 14, 2, 14, 1, 14, 12, 10, 14, 2, 12, 12, 9, 10, 12, 2, 13, 13, 9, 12, 2, 3, 13, 13, 8, 9, 3, 15, 13, 13, 7, 8, 4, 15, 3, 13, 15, 7, 4, 5, 15, 15, 6, 7, 6, 15, 5 ],
				"vertices": [ 1, 15, 48.32, -28.96, 1, 2, 14, 77.8, -29.79, 0.216, 15, 30.37, -29.27, 0.784, 2, 14, 51.39, -29.79, 0.504, 15, 3.97, -29.72, 0.496, 2, 13, 54.96, -29.86, 0.408, 14, 14.16, -29.78, 0.592, 2, 12, 52.96, -29.52, 0.4, 13, 11.64, -29.91, 0.6, 1, 12, -2.12, -29.02, 1, 1, 12, -1.56, 32.98, 1, 2, 12, 54.11, 32.47, 0.4, 13, 12.14, 32.09, 0.6, 2, 13, 54.31, 32.14, 0.408, 14, 13.59, 32.21, 0.592, 2, 14, 51.39, 32.21, 0.504, 15, 2.9, 32.27, 0.496, 2, 14, 78.37, 32.21, 0.216, 15, 29.87, 32.73, 0.784, 1, 15, 47.25, 33.03, 1, 2, 14, 51.97, 1.13, 0.504, 15, 4.01, 1.2, 0.496, 2, 13, 54.93, 1.06, 0.408, 14, 14.17, 1.13, 0.592, 2, 14, 77.8, -0.59, 0.216, 15, 29.87, -0.08, 0.784, 2, 12, 54.38, -0.77, 0.4, 13, 12.76, -1.15, 0.6 ],
				"hull": 12,
				"edges": [ 10, 12, 0, 22, 16, 18, 4, 6, 18, 20, 20, 22, 0, 2, 2, 4, 12, 14, 14, 16, 6, 8, 8, 10 ],
				"width": 180,
				"height": 62
			}
		},
		"zp4": {
			"gameZP2": {
				"type": "mesh",
				"uvs": [ 1, 1, 0.90025, 1, 0.75356, 1, 0.54671, 0.99999, 0.30605, 0.99999, 0, 1, 0, 0, 0.30926, 0, 0.54354, 0, 0.75355, 0, 0.90344, 0, 1, 0, 0.75675, 0.50133, 0.54675, 0.50133, 0.90025, 0.52911, 0.31247, 0.53611 ],
				"triangles": [ 11, 0, 14, 14, 10, 11, 0, 1, 14, 2, 14, 1, 14, 12, 10, 14, 2, 12, 12, 9, 10, 12, 2, 13, 13, 9, 12, 2, 3, 13, 13, 8, 9, 3, 15, 13, 13, 7, 8, 4, 15, 3, 13, 15, 7, 4, 5, 15, 15, 6, 7, 6, 15, 5 ],
				"vertices": [ 1, 20, 48.32, -28.96, 1, 2, 19, 77.8, -29.79, 0.216, 20, 30.37, -29.27, 0.784, 2, 19, 51.39, -29.79, 0.504, 20, 3.97, -29.72, 0.496, 2, 18, 54.96, -29.86, 0.408, 19, 14.16, -29.78, 0.592, 2, 17, 52.96, -29.52, 0.4, 18, 11.64, -29.91, 0.6, 1, 17, -2.12, -29.02, 1, 1, 17, -1.56, 32.98, 1, 2, 17, 54.11, 32.47, 0.4, 18, 12.14, 32.09, 0.6, 2, 18, 54.31, 32.14, 0.408, 19, 13.59, 32.21, 0.592, 2, 19, 51.39, 32.21, 0.504, 20, 2.9, 32.27, 0.496, 2, 19, 78.37, 32.21, 0.216, 20, 29.87, 32.73, 0.784, 1, 20, 47.25, 33.03, 1, 2, 19, 51.97, 1.13, 0.504, 20, 4.01, 1.2, 0.496, 2, 18, 54.93, 1.06, 0.408, 19, 14.17, 1.13, 0.592, 2, 19, 77.8, -0.59, 0.216, 20, 29.87, -0.08, 0.784, 2, 17, 54.38, -0.77, 0.4, 18, 12.76, -1.15, 0.6 ],
				"hull": 12,
				"edges": [ 10, 12, 0, 22, 16, 18, 4, 6, 18, 20, 20, 22, 0, 2, 2, 4, 12, 14, 14, 16, 6, 8, 8, 10 ],
				"width": 180,
				"height": 62
			}
		},
		"zp5": {
			"gameZP2": {
				"type": "mesh",
				"uvs": [ 1, 1, 0.90025, 1, 0.75356, 1, 0.54671, 0.99999, 0.30605, 0.99999, 0, 1, 0, 0, 0.30926, 0, 0.54354, 0, 0.75355, 0, 0.90344, 0, 1, 0, 0.75675, 0.50133, 0.54675, 0.50133, 0.90025, 0.52911, 0.31247, 0.53611 ],
				"triangles": [ 11, 0, 14, 14, 10, 11, 0, 1, 14, 2, 14, 1, 14, 12, 10, 14, 2, 12, 12, 9, 10, 12, 2, 13, 13, 9, 12, 2, 3, 13, 13, 8, 9, 3, 15, 13, 13, 7, 8, 4, 15, 3, 13, 15, 7, 4, 5, 15, 15, 6, 7, 6, 15, 5 ],
				"vertices": [ 1, 25, 48.32, -28.96, 1, 2, 24, 77.8, -29.79, 0.216, 25, 30.37, -29.27, 0.784, 2, 24, 51.39, -29.79, 0.504, 25, 3.97, -29.72, 0.496, 2, 23, 54.96, -29.86, 0.408, 24, 14.16, -29.78, 0.592, 2, 22, 52.96, -29.52, 0.4, 23, 11.64, -29.91, 0.6, 1, 22, -2.12, -29.02, 1, 1, 22, -1.56, 32.98, 1, 2, 22, 54.11, 32.47, 0.4, 23, 12.14, 32.09, 0.6, 2, 23, 54.31, 32.14, 0.408, 24, 13.59, 32.21, 0.592, 2, 24, 51.39, 32.21, 0.504, 25, 2.9, 32.27, 0.496, 2, 24, 78.37, 32.21, 0.216, 25, 29.87, 32.73, 0.784, 1, 25, 47.25, 33.03, 1, 2, 24, 51.97, 1.13, 0.504, 25, 4.01, 1.2, 0.496, 2, 23, 54.93, 1.06, 0.408, 24, 14.17, 1.13, 0.592, 2, 24, 77.8, -0.59, 0.216, 25, 29.87, -0.08, 0.784, 2, 22, 54.38, -0.77, 0.4, 23, 12.76, -1.15, 0.6 ],
				"hull": 12,
				"edges": [ 10, 12, 0, 22, 16, 18, 4, 6, 18, 20, 20, 22, 0, 2, 2, 4, 12, 14, 14, 16, 6, 8, 8, 10 ],
				"width": 180,
				"height": 62
			}
		},
		"zp6": {
			"gameZP2": {
				"type": "mesh",
				"uvs": [ 1, 1, 0.90025, 1, 0.75356, 1, 0.54671, 0.99999, 0.30605, 0.99999, 0, 1, 0, 0, 0.30926, 0, 0.54354, 0, 0.75355, 0, 0.90344, 0, 1, 0, 0.75675, 0.50133, 0.54675, 0.50133, 0.90025, 0.52911, 0.31247, 0.53611 ],
				"triangles": [ 11, 0, 14, 14, 10, 11, 0, 1, 14, 2, 14, 1, 14, 12, 10, 14, 2, 12, 12, 9, 10, 12, 2, 13, 13, 9, 12, 2, 3, 13, 13, 8, 9, 3, 15, 13, 13, 7, 8, 4, 15, 3, 13, 15, 7, 4, 5, 15, 15, 6, 7, 6, 15, 5 ],
				"vertices": [ 1, 30, 48.32, -28.96, 1, 2, 29, 77.8, -29.79, 0.216, 30, 30.37, -29.27, 0.784, 2, 29, 51.39, -29.79, 0.504, 30, 3.97, -29.72, 0.496, 2, 28, 54.96, -29.86, 0.408, 29, 14.16, -29.78, 0.592, 2, 27, 52.96, -29.52, 0.4, 28, 11.64, -29.91, 0.6, 1, 27, -2.12, -29.02, 1, 1, 27, -1.56, 32.98, 1, 2, 27, 54.11, 32.47, 0.4, 28, 12.14, 32.09, 0.6, 2, 28, 54.31, 32.14, 0.408, 29, 13.59, 32.21, 0.592, 2, 29, 51.39, 32.21, 0.504, 30, 2.9, 32.27, 0.496, 2, 29, 78.37, 32.21, 0.216, 30, 29.87, 32.73, 0.784, 1, 30, 47.25, 33.03, 1, 2, 29, 51.97, 1.13, 0.504, 30, 4.01, 1.2, 0.496, 2, 28, 54.93, 1.06, 0.408, 29, 14.17, 1.13, 0.592, 2, 29, 77.8, -0.59, 0.216, 30, 29.87, -0.08, 0.784, 2, 27, 54.38, -0.77, 0.4, 28, 12.76, -1.15, 0.6 ],
				"hull": 12,
				"edges": [ 10, 12, 0, 22, 16, 18, 4, 6, 18, 20, 20, 22, 0, 2, 2, 4, 12, 14, 14, 16, 6, 8, 8, 10 ],
				"width": 180,
				"height": 62
			}
		},
		"zp7": {
			"gameZP2": {
				"type": "mesh",
				"uvs": [ 1, 1, 0.90025, 1, 0.75356, 1, 0.54671, 0.99999, 0.30605, 0.99999, 0, 1, 0, 0, 0.30926, 0, 0.54354, 0, 0.75355, 0, 0.90344, 0, 1, 0, 0.75675, 0.50133, 0.54675, 0.50133, 0.90025, 0.52911, 0.31247, 0.53611 ],
				"triangles": [ 11, 0, 14, 14, 10, 11, 0, 1, 14, 2, 14, 1, 14, 12, 10, 14, 2, 12, 12, 9, 10, 12, 2, 13, 13, 9, 12, 2, 3, 13, 13, 8, 9, 3, 15, 13, 13, 7, 8, 4, 15, 3, 13, 15, 7, 4, 5, 15, 15, 6, 7, 6, 15, 5 ],
				"vertices": [ 1, 35, 48.32, -28.96, 1, 2, 34, 77.8, -29.79, 0.216, 35, 30.37, -29.27, 0.784, 2, 34, 51.39, -29.79, 0.504, 35, 3.97, -29.72, 0.496, 2, 33, 54.96, -29.86, 0.408, 34, 14.16, -29.78, 0.592, 2, 32, 52.96, -29.52, 0.4, 33, 11.64, -29.91, 0.6, 1, 32, -2.12, -29.02, 1, 1, 32, -1.56, 32.98, 1, 2, 32, 54.11, 32.47, 0.4, 33, 12.14, 32.09, 0.6, 2, 33, 54.31, 32.14, 0.408, 34, 13.59, 32.21, 0.592, 2, 34, 51.39, 32.21, 0.504, 35, 2.9, 32.27, 0.496, 2, 34, 78.37, 32.21, 0.216, 35, 29.87, 32.73, 0.784, 1, 35, 47.25, 33.03, 1, 2, 34, 51.97, 1.13, 0.504, 35, 4.01, 1.2, 0.496, 2, 33, 54.93, 1.06, 0.408, 34, 14.17, 1.13, 0.592, 2, 34, 77.8, -0.59, 0.216, 35, 29.87, -0.08, 0.784, 2, 32, 54.38, -0.77, 0.4, 33, 12.76, -1.15, 0.6 ],
				"hull": 12,
				"edges": [ 10, 12, 0, 22, 16, 18, 4, 6, 18, 20, 20, 22, 0, 2, 2, 4, 12, 14, 14, 16, 6, 8, 8, 10 ],
				"width": 180,
				"height": 62
			}
		},
		"zp8": {
			"gameZP2": {
				"type": "mesh",
				"uvs": [ 1, 1, 0.90025, 1, 0.75356, 1, 0.54671, 0.99999, 0.30605, 0.99999, 0, 1, 0, 0, 0.30926, 0, 0.54354, 0, 0.75355, 0, 0.90344, 0, 1, 0, 0.75675, 0.50133, 0.54675, 0.50133, 0.90025, 0.52911, 0.31247, 0.53611 ],
				"triangles": [ 11, 0, 14, 14, 10, 11, 0, 1, 14, 2, 14, 1, 14, 12, 10, 14, 2, 12, 12, 9, 10, 12, 2, 13, 13, 9, 12, 2, 3, 13, 13, 8, 9, 3, 15, 13, 13, 7, 8, 4, 15, 3, 13, 15, 7, 4, 5, 15, 15, 6, 7, 6, 15, 5 ],
				"vertices": [ 1, 40, 48.32, -28.96, 1, 2, 39, 77.8, -29.79, 0.216, 40, 30.37, -29.27, 0.784, 2, 39, 51.39, -29.79, 0.504, 40, 3.97, -29.72, 0.496, 2, 38, 54.96, -29.86, 0.408, 39, 14.16, -29.78, 0.592, 2, 37, 52.96, -29.52, 0.4, 38, 11.64, -29.91, 0.6, 1, 37, -2.12, -29.02, 1, 1, 37, -1.56, 32.98, 1, 2, 37, 54.11, 32.47, 0.4, 38, 12.14, 32.09, 0.6, 2, 38, 54.31, 32.14, 0.408, 39, 13.59, 32.21, 0.592, 2, 39, 51.39, 32.21, 0.504, 40, 2.9, 32.27, 0.496, 2, 39, 78.37, 32.21, 0.216, 40, 29.87, 32.73, 0.784, 1, 40, 47.25, 33.03, 1, 2, 39, 51.97, 1.13, 0.504, 40, 4.01, 1.2, 0.496, 2, 38, 54.93, 1.06, 0.408, 39, 14.17, 1.13, 0.592, 2, 39, 77.8, -0.59, 0.216, 40, 29.87, -0.08, 0.784, 2, 37, 54.38, -0.77, 0.4, 38, 12.76, -1.15, 0.6 ],
				"hull": 12,
				"edges": [ 10, 12, 0, 22, 16, 18, 4, 6, 18, 20, 20, 22, 0, 2, 2, 4, 12, 14, 14, 16, 6, 8, 8, 10 ],
				"width": 180,
				"height": 62
			}
		},
		"zp9": {
			"gameZP2": {
				"type": "mesh",
				"uvs": [ 1, 1, 0.90025, 1, 0.75356, 1, 0.54671, 0.99999, 0.30605, 0.99999, 0, 1, 0, 0, 0.30926, 0, 0.54354, 0, 0.75355, 0, 0.90344, 0, 1, 0, 0.75675, 0.50133, 0.54675, 0.50133, 0.90025, 0.52911, 0.31247, 0.53611 ],
				"triangles": [ 11, 0, 14, 14, 10, 11, 0, 1, 14, 2, 14, 1, 14, 12, 10, 14, 2, 12, 12, 9, 10, 12, 2, 13, 13, 9, 12, 2, 3, 13, 13, 8, 9, 3, 15, 13, 13, 7, 8, 4, 15, 3, 13, 15, 7, 4, 5, 15, 15, 6, 7, 6, 15, 5 ],
				"vertices": [ 1, 45, 48.32, -28.96, 1, 2, 44, 77.8, -29.79, 0.216, 45, 30.37, -29.27, 0.784, 2, 44, 51.39, -29.79, 0.504, 45, 3.97, -29.72, 0.496, 2, 43, 54.96, -29.86, 0.408, 44, 14.16, -29.78, 0.592, 2, 42, 52.96, -29.52, 0.4, 43, 11.64, -29.91, 0.6, 1, 42, -2.12, -29.02, 1, 1, 42, -1.56, 32.98, 1, 2, 42, 54.11, 32.47, 0.4, 43, 12.14, 32.09, 0.6, 2, 43, 54.31, 32.14, 0.408, 44, 13.59, 32.21, 0.592, 2, 44, 51.39, 32.21, 0.504, 45, 2.9, 32.27, 0.496, 2, 44, 78.37, 32.21, 0.216, 45, 29.87, 32.73, 0.784, 1, 45, 47.25, 33.03, 1, 2, 44, 51.97, 1.13, 0.504, 45, 4.01, 1.2, 0.496, 2, 43, 54.93, 1.06, 0.408, 44, 14.17, 1.13, 0.592, 2, 44, 77.8, -0.59, 0.216, 45, 29.87, -0.08, 0.784, 2, 42, 54.38, -0.77, 0.4, 43, 12.76, -1.15, 0.6 ],
				"hull": 12,
				"edges": [ 10, 12, 0, 22, 16, 18, 4, 6, 18, 20, 20, 22, 0, 2, 2, 4, 12, 14, 14, 16, 6, 8, 8, 10 ],
				"width": 180,
				"height": 62
			}
		}
	}
},
"animations": {
	"idle": {
		"slots": {
			"zp1": {
				"color": [
					{
						"time": 4.1,
						"color": "ffffffff",
						"curve": [ 0.25, 0, 0.75, 1 ]
					},
					{ "time": 4.3333, "color": "ffffff00" }
				]
			},
			"zp2": {
				"color": [
					{
						"time": 4.1,
						"color": "ffffffff",
						"curve": [ 0.25, 0, 0.75, 1 ]
					},
					{ "time": 4.3333, "color": "ffffff00" }
				]
			},
			"zp3": {
				"color": [
					{
						"time": 4.1,
						"color": "ffffffff",
						"curve": [ 0.25, 0, 0.75, 1 ]
					},
					{ "time": 4.3333, "color": "ffffff00" }
				]
			},
			"zp4": {
				"color": [
					{
						"time": 4.1,
						"color": "ffffffff",
						"curve": [ 0.25, 0, 0.75, 1 ]
					},
					{ "time": 4.3333, "color": "ffffff00" }
				]
			},
			"zp5": {
				"color": [
					{
						"time": 4.1,
						"color": "ffffffff",
						"curve": [ 0.25, 0, 0.75, 1 ]
					},
					{ "time": 4.3333, "color": "ffffff00" }
				]
			},
			"zp6": {
				"color": [
					{
						"time": 4.1,
						"color": "ffffffff",
						"curve": [ 0.25, 0, 0.75, 1 ]
					},
					{ "time": 4.3333, "color": "ffffff00" }
				]
			},
			"zp7": {
				"color": [
					{
						"time": 4.1,
						"color": "ffffffff",
						"curve": [ 0.25, 0, 0.75, 1 ]
					},
					{ "time": 4.3333, "color": "ffffff00" }
				]
			},
			"zp8": {
				"color": [
					{
						"time": 4.1,
						"color": "ffffffff",
						"curve": [ 0.25, 0, 0.75, 1 ]
					},
					{ "time": 4.3333, "color": "ffffff00" }
				]
			},
			"zp9": {
				"color": [
					{
						"time": 4.1,
						"color": "ffffffff",
						"curve": [ 0.25, 0, 0.75, 1 ]
					},
					{ "time": 4.3333, "color": "ffffff00" }
				]
			},
			"zp10": {
				"color": [
					{
						"time": 4.1,
						"color": "ffffffff",
						"curve": [ 0.25, 0, 0.75, 1 ]
					},
					{ "time": 4.3333, "color": "ffffff00" }
				]
			},
			"zp11": {
				"color": [
					{
						"time": 4.1,
						"color": "ffffffff",
						"curve": [ 0.25, 0, 0.75, 1 ]
					},
					{ "time": 4.3333, "color": "ffffff00" }
				]
			},
			"zp12": {
				"color": [
					{
						"time": 4.1,
						"color": "ffffffff",
						"curve": [ 0.25, 0, 0.75, 1 ]
					},
					{ "time": 4.3333, "color": "ffffff00" }
				]
			}
		},
		"bones": {
			"game001": {
				"rotate": [
					{ "time": 2.4, "angle": 0, "curve": "stepped" },
					{ "time": 2.4333, "angle": -0.99, "curve": "stepped" },
					{
						"time": 2.6,
						"angle": -0.99,
						"curve": [ 0.736, 0.1, 0.861, 0.69 ]
					},
					{ "time": 2.7333, "angle": 0, "curve": "stepped" },
					{ "time": 2.9333, "angle": 0 }
				],
				"shear": [
					{ "time": 2.4, "x": 0, "y": 0, "curve": "stepped" },
					{ "time": 2.7333, "x": 0, "y": 0 }
				]
			},
			"game00001": {
				"rotate": [
					{ "time": 2.4, "angle": 0, "curve": "stepped" },
					{ "time": 2.4333, "angle": -0.99, "curve": "stepped" },
					{
						"time": 2.6,
						"angle": -0.99,
						"curve": [ 0.736, 0.1, 0.861, 0.69 ]
					},
					{ "time": 2.7333, "angle": 0, "curve": "stepped" },
					{ "time": 2.9333, "angle": 0 }
				],
				"scale": [
					{ "time": 2.4, "x": 1, "y": 1, "curve": "stepped" },
					{ "time": 2.7333, "x": 1, "y": 1 }
				],
				"shear": [
					{ "time": 2.4, "x": 0, "y": 0, "curve": "stepped" },
					{ "time": 2.7333, "x": 0, "y": 0 }
				]
			},
			"game0001": {
				"rotate": [
					{ "time": 2.4, "angle": 0, "curve": "stepped" },
					{ "time": 2.4333, "angle": -0.99, "curve": "stepped" },
					{
						"time": 2.6,
						"angle": -0.99,
						"curve": [ 0.736, 0.1, 0.861, 0.69 ]
					},
					{ "time": 2.7333, "angle": 0, "curve": "stepped" },
					{ "time": 2.9333, "angle": 0 }
				],
				"scale": [
					{ "time": 2.4, "x": 1, "y": 1, "curve": "stepped" },
					{ "time": 2.7333, "x": 1, "y": 1 }
				],
				"shear": [
					{ "time": 2.4, "x": 0, "y": 0, "curve": "stepped" },
					{ "time": 2.7333, "x": 0, "y": 0 }
				]
			},
			"game1": {
				"rotate": [
					{ "time": 2.4, "angle": 0, "curve": "stepped" },
					{ "time": 2.4333, "angle": -0.99, "curve": "stepped" },
					{
						"time": 2.6,
						"angle": -0.99,
						"curve": [ 0.736, 0.1, 0.861, 0.69 ]
					},
					{ "time": 2.7333, "angle": 0, "curve": "stepped" },
					{ "time": 2.9333, "angle": 0 }
				],
				"scale": [
					{ "time": 2.4, "x": 1, "y": 1, "curve": "stepped" },
					{ "time": 2.7333, "x": 1, "y": 1 }
				],
				"shear": [
					{ "time": 2.4, "x": 0, "y": 0, "curve": "stepped" },
					{ "time": 2.7333, "x": 0, "y": 0 }
				]
			},
			"zp1": {
				"rotate": [
					{
						"time": 1.9,
						"angle": 0,
						"curve": [ 0.25, 0, 0.75, 1 ]
					},
					{
						"time": 2.0333,
						"angle": -27.56,
						"curve": [ 0.139, 0.28, 0.75, 1 ]
					},
					{
						"time": 2.2667,
						"angle": -122.76,
						"curve": [ 0.736, 0.1, 0.861, 0.69 ]
					},
					{ "time": 2.4333, "angle": -65.26, "curve": "stepped" },
					{
						"time": 2.6,
						"angle": -65.26,
						"curve": [ 0.25, 0, 0.75, 1 ]
					},
					{ "time": 2.7333, "angle": -90, "curve": "stepped" },
					{
						"time": 2.9333,
						"angle": -90,
						"curve": [ 0.736, 0.1, 0.861, 0.69 ]
					},
					{
						"time": 3.1667,
						"angle": 90.4,
						"curve": [ 0.139, 0.28, 0.75, 1 ]
					},
					{ "time": 3.3333, "angle": 0.45 }
				],
				"translate": [
					{ "time": 0.1, "x": 0, "y": 0, "curve": "stepped" },
					{ "time": 0.6667, "x": 0, "y": 0, "curve": "stepped" },
					{ "time": 0.8333, "x": 0, "y": 136.33, "curve": "stepped" },
					{
						"time": 1.3333,
						"x": 0,
						"y": 136.33,
						"curve": [ 0.25, 0, 0.75, 1 ]
					},
					{
						"time": 1.4333,
						"x": 0,
						"y": 102.57,
						"curve": [ 0.25, 0, 0.75, 1 ]
					},
					{
						"time": 1.5333,
						"x": 0,
						"y": 120.37,
						"curve": [ 0.25, 0, 0.75, 1 ]
					},
					{ "time": 1.6667, "x": 0, "y": 0, "curve": "stepped" },
					{
						"time": 1.7667,
						"x": 0,
						"y": 0,
						"curve": [ 0.242, 0, 0.667, 0.67 ]
					},
					{
						"time": 1.8667,
						"x": 187.55,
						"y": 0,
						"curve": [ 0.379, 0.6, 0.724, 1 ]
					},
					{
						"time": 1.9,
						"x": 189.97,
						"y": -20.85,
						"curve": [ 0.221, 0.27, 0.566, 0.62 ]
					},
					{
						"time": 2.0333,
						"x": -99.57,
						"y": -113.16,
						"curve": [ 0.139, 0.28, 0.75, 1 ]
					},
					{
						"time": 2.2667,
						"x": -172.11,
						"y": 8.77,
						"curve": [ 0.736, 0.1, 0.861, 0.69 ]
					},
					{ "time": 2.4333, "x": -33.7, "y": 6.56, "curve": "stepped" },
					{
						"time": 2.6,
						"x": -33.7,
						"y": 6.56,
						"curve": [ 0.25, 0, 0.75, 1 ]
					},
					{ "time": 2.7333, "x": 0, "y": -24.82, "curve": "stepped" },
					{
						"time": 2.9333,
						"x": 0,
						"y": -24.82,
						"curve": [ 0.139, 0.28, 0.553, 1 ]
					},
					{
						"time": 3.3333,
						"x": 0,
						"y": 61.32,
						"curve": [ 0.25, 0, 0.75, 1 ]
					},
					{
						"time": 3.4,
						"x": 0,
						"y": 0,
						"curve": [ 0.139, 0.28, 0.75, 1 ]
					},
					{
						"time": 3.5333,
						"x": 0,
						"y": 89.79,
						"curve": [ 0.736, 0.1, 0.861, 0.69 ]
					},
					{ "time": 3.6333, "x": 0, "y": 0 }
				]
			},
			"zp2": {
				"rotate": [
					{
						"time": 1.9,
						"angle": 0,
						"curve": [ 0.25, 0, 0.75, 1 ]
					},
					{
						"time": 2.0333,
						"angle": -37.03,
						"curve": [ 0.139, 0.28, 0.75, 1 ]
					},
					{
						"time": 2.2667,
						"angle": 104.38,
						"curve": [ 0.736, 0.1, 0.861, 0.69 ]
					},
					{ "time": 2.4333, "angle": 64.19, "curve": "stepped" },
					{
						"time": 2.6,
						"angle": 64.19,
						"curve": [ 0.25, 0, 0.75, 1 ]
					},
					{ "time": 2.7333, "angle": 90, "curve": "stepped" },
					{
						"time": 2.9333,
						"angle": 90,
						"curve": [ 0.736, 0.1, 0.861, 0.69 ]
					},
					{
						"time": 3.1667,
						"angle": -89.6,
						"curve": [ 0.139, 0.28, 0.75, 1 ]
					},
					{ "time": 3.3333, "angle": -179.55 }
				],
				"translate": [
					{ "time": 0.1, "x": 0, "y": 0, "curve": "stepped" },
					{ "time": 0.6667, "x": 0, "y": 0, "curve": "stepped" },
					{ "time": 0.8333, "x": 0, "y": 136.33, "curve": "stepped" },
					{
						"time": 1.3333,
						"x": 0,
						"y": 136.33,
						"curve": [ 0.25, 0, 0.75, 1 ]
					},
					{
						"time": 1.4333,
						"x": 0,
						"y": 102.57,
						"curve": [ 0.25, 0, 0.75, 1 ]
					},
					{
						"time": 1.5333,
						"x": 0,
						"y": 120.37,
						"curve": [ 0.25, 0, 0.75, 1 ]
					},
					{ "time": 1.6667, "x": 0, "y": 0, "curve": "stepped" },
					{
						"time": 1.7667,
						"x": 0,
						"y": 0,
						"curve": [ 0.242, 0, 0.667, 0.67 ]
					},
					{
						"time": 1.8667,
						"x": 187.55,
						"y": 0,
						"curve": [ 0.379, 0.6, 0.724, 1 ]
					},
					{
						"time": 1.9,
						"x": -192.92,
						"y": 27.51,
						"curve": [ 0.247, 0.29, 0.586, 0.63 ]
					},
					{
						"time": 2.0333,
						"x": 106.9,
						"y": 120.87,
						"curve": [ 0.139, 0.28, 0.75, 1 ]
					},
					{
						"time": 2.2667,
						"x": 171.32,
						"y": 7.47,
						"curve": [ 0.736, 0.1, 0.861, 0.69 ]
					},
					{ "time": 2.4333, "x": 49.92, "y": 0.92, "curve": "stepped" },
					{
						"time": 2.6,
						"x": 49.92,
						"y": 0.92,
						"curve": [ 0.25, 0, 0.75, 1 ]
					},
					{ "time": 2.7333, "x": 0, "y": -24.82, "curve": "stepped" },
					{
						"time": 2.9333,
						"x": 0,
						"y": -24.82,
						"curve": [ 0.139, 0.28, 0.553, 1 ]
					},
					{
						"time": 3.3333,
						"x": 0,
						"y": 61.32,
						"curve": [ 0.25, 0, 0.75, 1 ]
					},
					{
						"time": 3.4,
						"x": 0,
						"y": 0,
						"curve": [ 0.139, 0.28, 0.75, 1 ]
					},
					{
						"time": 3.5333,
						"x": 0,
						"y": 89.79,
						"curve": [ 0.736, 0.1, 0.861, 0.69 ]
					},
					{ "time": 3.6667, "x": 0, "y": 0 }
				]
			},
			"game5": {
				"rotate": [
					{ "time": 2.4, "angle": 0, "curve": "stepped" },
					{ "time": 2.4333, "angle": -1.05, "curve": "stepped" },
					{
						"time": 2.6,
						"angle": -1.05,
						"curve": [ 0.736, 0.1, 0.861, 0.69 ]
					},
					{ "time": 2.7333, "angle": 0, "curve": "stepped" },
					{ "time": 2.9333, "angle": 0 }
				],
				"scale": [
					{ "time": 2.4, "x": 1, "y": 1, "curve": "stepped" },
					{ "time": 2.7333, "x": 1, "y": 1 }
				],
				"shear": [
					{ "time": 2.4, "x": 0, "y": 0, "curve": "stepped" },
					{ "time": 2.7333, "x": 0, "y": 0 }
				]
			},
			"game4": {
				"rotate": [
					{ "time": 2.4, "angle": 0, "curve": "stepped" },
					{ "time": 2.4333, "angle": -0.92, "curve": "stepped" },
					{
						"time": 2.6,
						"angle": -0.92,
						"curve": [ 0.736, 0.1, 0.861, 0.69 ]
					},
					{ "time": 2.7333, "angle": 0, "curve": "stepped" },
					{ "time": 2.9333, "angle": 0 }
				],
				"scale": [
					{ "time": 2.4, "x": 1, "y": 1, "curve": "stepped" },
					{ "time": 2.7333, "x": 1, "y": 1 }
				],
				"shear": [
					{ "time": 2.4, "x": 0, "y": 0, "curve": "stepped" },
					{ "time": 2.7333, "x": 0, "y": 0 }
				]
			},
			"game3": {
				"rotate": [
					{ "time": 2.4, "angle": 0, "curve": "stepped" },
					{ "time": 2.4333, "angle": -0.85, "curve": "stepped" },
					{
						"time": 2.6,
						"angle": -0.85,
						"curve": [ 0.736, 0.1, 0.861, 0.69 ]
					},
					{ "time": 2.7333, "angle": 0, "curve": "stepped" },
					{ "time": 2.9333, "angle": 0 }
				],
				"scale": [
					{ "time": 2.4, "x": 1, "y": 1, "curve": "stepped" },
					{ "time": 2.7333, "x": 1, "y": 1 }
				],
				"shear": [
					{ "time": 2.4, "x": 0, "y": 0, "curve": "stepped" },
					{ "time": 2.7333, "x": 0, "y": 0 }
				]
			},
			"game2": {
				"rotate": [
					{ "time": 2.4, "angle": 0, "curve": "stepped" },
					{ "time": 2.4333, "angle": -0.91, "curve": "stepped" },
					{
						"time": 2.6,
						"angle": -0.91,
						"curve": [ 0.736, 0.1, 0.861, 0.69 ]
					},
					{ "time": 2.7333, "angle": 0, "curve": "stepped" },
					{ "time": 2.9333, "angle": 0 }
				],
				"shear": [
					{ "time": 2.4, "x": 0, "y": 0, "curve": "stepped" },
					{ "time": 2.7333, "x": 0, "y": 0 }
				]
			},
			"zp3": {
				"rotate": [
					{
						"time": 1.9,
						"angle": 0,
						"curve": [ 0.25, 0, 0.75, 1 ]
					},
					{
						"time": 2.0333,
						"angle": -27.56,
						"curve": [ 0.139, 0.28, 0.75, 1 ]
					},
					{
						"time": 2.2667,
						"angle": -122.76,
						"curve": [ 0.736, 0.1, 0.861, 0.69 ]
					},
					{ "time": 2.4333, "angle": -65.26, "curve": "stepped" },
					{
						"time": 2.6,
						"angle": -65.26,
						"curve": [ 0.25, 0, 0.75, 1 ]
					},
					{ "time": 2.7333, "angle": -90, "curve": "stepped" },
					{
						"time": 2.9333,
						"angle": -90,
						"curve": [ 0.736, 0.1, 0.861, 0.69 ]
					},
					{
						"time": 3.1667,
						"angle": 90.4,
						"curve": [ 0.139, 0.28, 0.75, 1 ]
					},
					{ "time": 3.3333, "angle": 0.45 }
				],
				"translate": [
					{ "time": 0.1, "x": 0, "y": 0, "curve": "stepped" },
					{ "time": 0.6667, "x": 0, "y": 0, "curve": "stepped" },
					{ "time": 0.8333, "x": 0, "y": 136.33, "curve": "stepped" },
					{
						"time": 1.3333,
						"x": 0,
						"y": 136.33,
						"curve": [ 0.25, 0, 0.75, 1 ]
					},
					{
						"time": 1.4333,
						"x": 0,
						"y": 102.57,
						"curve": [ 0.25, 0, 0.75, 1 ]
					},
					{
						"time": 1.5333,
						"x": 0,
						"y": 120.37,
						"curve": [ 0.25, 0, 0.75, 1 ]
					},
					{ "time": 1.6667, "x": 0, "y": 0, "curve": "stepped" },
					{
						"time": 1.7667,
						"x": 0,
						"y": 0,
						"curve": [ 0.242, 0, 0.667, 0.67 ]
					},
					{
						"time": 1.8667,
						"x": 187.55,
						"y": 0,
						"curve": [ 0.379, 0.6, 0.724, 1 ]
					},
					{
						"time": 1.9,
						"x": 189.97,
						"y": -25.06,
						"curve": [ 0.221, 0.27, 0.566, 0.62 ]
					},
					{
						"time": 2.0333,
						"x": -99.57,
						"y": -117.37,
						"curve": [ 0.139, 0.28, 0.75, 1 ]
					},
					{
						"time": 2.2667,
						"x": -172.11,
						"y": 4.56,
						"curve": [ 0.736, 0.1, 0.861, 0.69 ]
					},
					{ "time": 2.4333, "x": -33.7, "y": 2.35, "curve": "stepped" },
					{
						"time": 2.6,
						"x": -33.7,
						"y": 2.35,
						"curve": [ 0.25, 0, 0.75, 1 ]
					},
					{ "time": 2.7333, "x": 0, "y": -24.82, "curve": "stepped" },
					{
						"time": 2.9333,
						"x": 0,
						"y": -24.82,
						"curve": [ 0.139, 0.28, 0.553, 1 ]
					},
					{
						"time": 3.3333,
						"x": 0,
						"y": 61.32,
						"curve": [ 0.25, 0, 0.75, 1 ]
					},
					{
						"time": 3.4,
						"x": 0,
						"y": 0,
						"curve": [ 0.139, 0.28, 0.75, 1 ]
					},
					{
						"time": 3.5333,
						"x": 0,
						"y": 89.79,
						"curve": [ 0.736, 0.1, 0.861, 0.69 ]
					},
					{ "time": 3.7, "x": 0, "y": 0 }
				]
			},
			"game9": {
				"rotate": [
					{ "time": 2.4, "angle": 0, "curve": "stepped" },
					{ "time": 2.4333, "angle": -0.86, "curve": "stepped" },
					{
						"time": 2.6,
						"angle": -0.86,
						"curve": [ 0.736, 0.1, 0.861, 0.69 ]
					},
					{ "time": 2.7333, "angle": 0, "curve": "stepped" },
					{ "time": 2.9333, "angle": 0 }
				],
				"scale": [
					{ "time": 2.4, "x": 1, "y": 1, "curve": "stepped" },
					{ "time": 2.7333, "x": 1, "y": 1 }
				],
				"shear": [
					{ "time": 2.4, "x": 0, "y": 0, "curve": "stepped" },
					{ "time": 2.7333, "x": 0, "y": 0 }
				]
			},
			"game8": {
				"rotate": [
					{ "time": 2.4, "angle": 0, "curve": "stepped" },
					{ "time": 2.4333, "angle": -0.73, "curve": "stepped" },
					{
						"time": 2.6,
						"angle": -0.73,
						"curve": [ 0.736, 0.1, 0.861, 0.69 ]
					},
					{ "time": 2.7333, "angle": 0, "curve": "stepped" },
					{ "time": 2.9333, "angle": 0 }
				],
				"scale": [
					{ "time": 2.4, "x": 1, "y": 1, "curve": "stepped" },
					{ "time": 2.7333, "x": 1, "y": 1 }
				],
				"shear": [
					{ "time": 2.4, "x": 0, "y": 0, "curve": "stepped" },
					{ "time": 2.7333, "x": 0, "y": 0 }
				]
			},
			"game7": {
				"rotate": [
					{ "time": 2.4, "angle": 0, "curve": "stepped" },
					{ "time": 2.4333, "angle": -0.67, "curve": "stepped" },
					{
						"time": 2.6,
						"angle": -0.67,
						"curve": [ 0.736, 0.1, 0.861, 0.69 ]
					},
					{ "time": 2.7333, "angle": 0, "curve": "stepped" },
					{ "time": 2.9333, "angle": 0 }
				],
				"scale": [
					{ "time": 2.4, "x": 1, "y": 1, "curve": "stepped" },
					{ "time": 2.7333, "x": 1, "y": 1 }
				],
				"shear": [
					{ "time": 2.4, "x": 0, "y": 0, "curve": "stepped" },
					{ "time": 2.7333, "x": 0, "y": 0 }
				]
			},
			"game6": {
				"rotate": [
					{ "time": 2.4, "angle": 0, "curve": "stepped" },
					{ "time": 2.4333, "angle": -0.73, "curve": "stepped" },
					{
						"time": 2.6,
						"angle": -0.73,
						"curve": [ 0.736, 0.1, 0.861, 0.69 ]
					},
					{ "time": 2.7333, "angle": 0, "curve": "stepped" },
					{ "time": 2.9333, "angle": 0 }
				],
				"shear": [
					{ "time": 2.4, "x": 0, "y": 0, "curve": "stepped" },
					{ "time": 2.7333, "x": 0, "y": 0 }
				]
			},
			"zp4": {
				"rotate": [
					{
						"time": 1.9,
						"angle": 0,
						"curve": [ 0.25, 0, 0.75, 1 ]
					},
					{
						"time": 2.0333,
						"angle": -37.03,
						"curve": [ 0.139, 0.28, 0.75, 1 ]
					},
					{
						"time": 2.2667,
						"angle": 104.38,
						"curve": [ 0.736, 0.1, 0.861, 0.69 ]
					},
					{ "time": 2.4333, "angle": 64.19, "curve": "stepped" },
					{
						"time": 2.6,
						"angle": 64.19,
						"curve": [ 0.25, 0, 0.75, 1 ]
					},
					{ "time": 2.7333, "angle": 90, "curve": "stepped" },
					{
						"time": 2.9333,
						"angle": 90,
						"curve": [ 0.736, 0.1, 0.861, 0.69 ]
					},
					{
						"time": 3.1667,
						"angle": -89.6,
						"curve": [ 0.139, 0.28, 0.75, 1 ]
					},
					{ "time": 3.3333, "angle": -179.55 }
				],
				"translate": [
					{ "time": 0.1, "x": 0, "y": 0, "curve": "stepped" },
					{ "time": 0.6667, "x": 0, "y": 0, "curve": "stepped" },
					{ "time": 0.8333, "x": 0, "y": 136.33, "curve": "stepped" },
					{
						"time": 1.3333,
						"x": 0,
						"y": 136.33,
						"curve": [ 0.25, 0, 0.75, 1 ]
					},
					{
						"time": 1.4333,
						"x": 0,
						"y": 102.57,
						"curve": [ 0.25, 0, 0.75, 1 ]
					},
					{
						"time": 1.5333,
						"x": 0,
						"y": 120.37,
						"curve": [ 0.25, 0, 0.75, 1 ]
					},
					{ "time": 1.6667, "x": 0, "y": 0, "curve": "stepped" },
					{
						"time": 1.7667,
						"x": 0,
						"y": 0,
						"curve": [ 0.242, 0, 0.667, 0.67 ]
					},
					{
						"time": 1.8667,
						"x": 187.55,
						"y": 0,
						"curve": [ 0.379, 0.6, 0.724, 1 ]
					},
					{
						"time": 1.9,
						"x": -192.92,
						"y": 23.63,
						"curve": [ 0.247, 0.29, 0.586, 0.63 ]
					},
					{
						"time": 2.0333,
						"x": 106.9,
						"y": 116.99,
						"curve": [ 0.139, 0.28, 0.75, 1 ]
					},
					{
						"time": 2.2667,
						"x": 171.32,
						"y": 3.59,
						"curve": [ 0.736, 0.1, 0.861, 0.69 ]
					},
					{ "time": 2.4333, "x": 49.92, "y": -2.96, "curve": "stepped" },
					{
						"time": 2.6,
						"x": 49.92,
						"y": -2.96,
						"curve": [ 0.25, 0, 0.75, 1 ]
					},
					{ "time": 2.7333, "x": 0, "y": -24.82, "curve": "stepped" },
					{
						"time": 2.9333,
						"x": 0,
						"y": -24.82,
						"curve": [ 0.139, 0.28, 0.553, 1 ]
					},
					{
						"time": 3.3333,
						"x": 0,
						"y": 61.32,
						"curve": [ 0.25, 0, 0.75, 1 ]
					},
					{
						"time": 3.4,
						"x": 0,
						"y": 0,
						"curve": [ 0.139, 0.28, 0.75, 1 ]
					},
					{
						"time": 3.5333,
						"x": 0,
						"y": 89.79,
						"curve": [ 0.736, 0.1, 0.861, 0.69 ]
					},
					{ "time": 3.7333, "x": 0, "y": 0 }
				]
			},
			"game13": {
				"rotate": [
					{ "time": 2.4, "angle": 0, "curve": "stepped" },
					{ "time": 2.4333, "angle": 2.6, "curve": "stepped" },
					{
						"time": 2.6,
						"angle": 2.6,
						"curve": [ 0.736, 0.1, 0.861, 0.69 ]
					},
					{ "time": 2.7333, "angle": 0, "curve": "stepped" },
					{ "time": 2.9333, "angle": 0 }
				],
				"scale": [
					{ "time": 2.4, "x": 1, "y": 1, "curve": "stepped" },
					{ "time": 2.7333, "x": 1, "y": 1 }
				],
				"shear": [
					{ "time": 2.4, "x": 0, "y": 0, "curve": "stepped" },
					{ "time": 2.7333, "x": 0, "y": 0 }
				]
			},
			"game12": {
				"rotate": [
					{ "time": 2.4, "angle": 0, "curve": "stepped" },
					{ "time": 2.4333, "angle": 0.74, "curve": "stepped" },
					{
						"time": 2.6,
						"angle": 0.74,
						"curve": [ 0.736, 0.1, 0.861, 0.69 ]
					},
					{ "time": 2.7333, "angle": 0, "curve": "stepped" },
					{ "time": 2.9333, "angle": 0 }
				],
				"scale": [
					{ "time": 2.4, "x": 1, "y": 1, "curve": "stepped" },
					{ "time": 2.7333, "x": 1, "y": 1 }
				],
				"shear": [
					{ "time": 2.4, "x": 0, "y": 0, "curve": "stepped" },
					{ "time": 2.7333, "x": 0, "y": 0 }
				]
			},
			"game11": {
				"rotate": [
					{ "time": 2.4, "angle": 0, "curve": "stepped" },
					{ "time": 2.4333, "angle": -0.51, "curve": "stepped" },
					{
						"time": 2.6,
						"angle": -0.51,
						"curve": [ 0.736, 0.1, 0.861, 0.69 ]
					},
					{ "time": 2.7333, "angle": 0, "curve": "stepped" },
					{ "time": 2.9333, "angle": 0 }
				],
				"scale": [
					{ "time": 2.4, "x": 1, "y": 1, "curve": "stepped" },
					{ "time": 2.7333, "x": 1, "y": 1 }
				],
				"shear": [
					{ "time": 2.4, "x": 0, "y": 0, "curve": "stepped" },
					{ "time": 2.7333, "x": 0, "y": 0 }
				]
			},
			"game10": {
				"rotate": [
					{ "time": 2.4, "angle": 0, "curve": "stepped" },
					{ "time": 2.4333, "angle": -0.57, "curve": "stepped" },
					{
						"time": 2.6,
						"angle": -0.57,
						"curve": [ 0.736, 0.1, 0.861, 0.69 ]
					},
					{ "time": 2.7333, "angle": 0, "curve": "stepped" },
					{ "time": 2.9333, "angle": 0 }
				],
				"shear": [
					{ "time": 2.4, "x": 0, "y": 0, "curve": "stepped" },
					{ "time": 2.7333, "x": 0, "y": 0 }
				]
			},
			"zp5": {
				"rotate": [
					{
						"time": 1.9,
						"angle": 0,
						"curve": [ 0.25, 0, 0.75, 1 ]
					},
					{
						"time": 2.0333,
						"angle": -27.56,
						"curve": [ 0.139, 0.28, 0.75, 1 ]
					},
					{
						"time": 2.2667,
						"angle": -122.76,
						"curve": [ 0.736, 0.1, 0.861, 0.69 ]
					},
					{ "time": 2.4333, "angle": -65.26, "curve": "stepped" },
					{
						"time": 2.6,
						"angle": -65.26,
						"curve": [ 0.25, 0, 0.75, 1 ]
					},
					{ "time": 2.7333, "angle": -90, "curve": "stepped" },
					{
						"time": 2.9333,
						"angle": -90,
						"curve": [ 0.736, 0.1, 0.861, 0.69 ]
					},
					{
						"time": 3.1667,
						"angle": 90.4,
						"curve": [ 0.139, 0.28, 0.75, 1 ]
					},
					{ "time": 3.3333, "angle": 0.45 }
				],
				"translate": [
					{
						"time": 0.1,
						"x": 0,
						"y": 0,
						"curve": [ 0.25, 0, 0.75, 1 ]
					},
					{ "time": 0.2333, "x": 0, "y": -146.38, "curve": "stepped" },
					{ "time": 0.6667, "x": 0, "y": -146.38, "curve": "stepped" },
					{ "time": 0.8333, "x": 0, "y": -16.15, "curve": "stepped" },
					{ "time": 1.0333, "x": 0, "y": -16.15, "curve": "stepped" },
					{
						"time": 1.1333,
						"x": 0,
						"y": -16.15,
						"curve": [ 0.243, 0, 0.649, 0.6 ]
					},
					{
						"time": 1.2667,
						"x": 0,
						"y": 171.26,
						"curve": [ 0.382, 0.57, 0.735, 1 ]
					},
					{
						"time": 1.3333,
						"x": 0,
						"y": 137.21,
						"curve": [ 0.25, 0, 0.75, 1 ]
					},
					{
						"time": 1.4333,
						"x": 0,
						"y": 102.77,
						"curve": [ 0.25, 0, 0.75, 1 ]
					},
					{
						"time": 1.5333,
						"x": 0,
						"y": 120.57,
						"curve": [ 0.25, 0, 0.75, 1 ]
					},
					{ "time": 1.6667, "x": 0, "y": 0, "curve": "stepped" },
					{
						"time": 1.7667,
						"x": 0,
						"y": 0,
						"curve": [ 0.242, 0, 0.667, 0.67 ]
					},
					{
						"time": 1.8667,
						"x": 187.55,
						"y": 0,
						"curve": [ 0.379, 0.6, 0.724, 1 ]
					},
					{
						"time": 1.9,
						"x": 189.97,
						"y": -29.27,
						"curve": [ 0.221, 0.27, 0.566, 0.62 ]
					},
					{
						"time": 2.0333,
						"x": -99.57,
						"y": -121.58,
						"curve": [ 0.139, 0.28, 0.75, 1 ]
					},
					{
						"time": 2.2667,
						"x": -172.11,
						"y": 0.35,
						"curve": [ 0.736, 0.1, 0.861, 0.69 ]
					},
					{ "time": 2.4333, "x": -33.7, "y": -1.86, "curve": "stepped" },
					{
						"time": 2.6,
						"x": -33.7,
						"y": -1.86,
						"curve": [ 0.25, 0, 0.75, 1 ]
					},
					{ "time": 2.7333, "x": 0, "y": -24.82, "curve": "stepped" },
					{
						"time": 2.9333,
						"x": 0,
						"y": -24.82,
						"curve": [ 0.139, 0.28, 0.553, 1 ]
					},
					{
						"time": 3.3333,
						"x": 0,
						"y": 61.32,
						"curve": [ 0.25, 0, 0.75, 1 ]
					},
					{
						"time": 3.4,
						"x": 0,
						"y": 0,
						"curve": [ 0.139, 0.28, 0.75, 1 ]
					},
					{
						"time": 3.5333,
						"x": 0,
						"y": 89.79,
						"curve": [ 0.736, 0.1, 0.861, 0.69 ]
					},
					{ "time": 3.7667, "x": 0, "y": 0 }
				]
			},
			"game17": {
				"rotate": [
					{ "time": 2.4, "angle": 0, "curve": "stepped" },
					{ "time": 2.4333, "angle": 0.14, "curve": "stepped" },
					{
						"time": 2.6,
						"angle": 0.14,
						"curve": [ 0.736, 0.1, 0.861, 0.69 ]
					},
					{ "time": 2.7333, "angle": 0, "curve": "stepped" },
					{ "time": 2.9333, "angle": 0 }
				],
				"scale": [
					{ "time": 2.4, "x": 1, "y": 1, "curve": "stepped" },
					{ "time": 2.7333, "x": 1, "y": 1 }
				],
				"shear": [
					{ "time": 2.4, "x": 0, "y": 0, "curve": "stepped" },
					{ "time": 2.7333, "x": 0, "y": 0 }
				]
			},
			"game16": {
				"rotate": [
					{ "time": 2.4, "angle": 0, "curve": "stepped" },
					{ "time": 2.4333, "angle": 0.27, "curve": "stepped" },
					{
						"time": 2.6,
						"angle": 0.27,
						"curve": [ 0.736, 0.1, 0.861, 0.69 ]
					},
					{ "time": 2.7333, "angle": 0, "curve": "stepped" },
					{ "time": 2.9333, "angle": 0 }
				],
				"scale": [
					{ "time": 2.4, "x": 1, "y": 1, "curve": "stepped" },
					{ "time": 2.7333, "x": 1, "y": 1 }
				],
				"shear": [
					{ "time": 2.4, "x": 0, "y": 0, "curve": "stepped" },
					{ "time": 2.7333, "x": 0, "y": 0 }
				]
			},
			"game15": {
				"rotate": [
					{ "time": 2.4, "angle": 0, "curve": "stepped" },
					{ "time": 2.4333, "angle": 0.33, "curve": "stepped" },
					{
						"time": 2.6,
						"angle": 0.33,
						"curve": [ 0.736, 0.1, 0.861, 0.69 ]
					},
					{ "time": 2.7333, "angle": 0, "curve": "stepped" },
					{ "time": 2.9333, "angle": 0 }
				],
				"scale": [
					{ "time": 2.4, "x": 1, "y": 1, "curve": "stepped" },
					{ "time": 2.7333, "x": 1, "y": 1 }
				],
				"shear": [
					{ "time": 2.4, "x": 0, "y": 0, "curve": "stepped" },
					{ "time": 2.7333, "x": 0, "y": 0 }
				]
			},
			"game14": {
				"rotate": [
					{ "time": 2.4, "angle": 0, "curve": "stepped" },
					{ "time": 2.4333, "angle": 0.27, "curve": "stepped" },
					{
						"time": 2.6,
						"angle": 0.27,
						"curve": [ 0.736, 0.1, 0.861, 0.69 ]
					},
					{ "time": 2.7333, "angle": 0, "curve": "stepped" },
					{ "time": 2.9333, "angle": 0 }
				],
				"shear": [
					{ "time": 2.4, "x": 0, "y": 0, "curve": "stepped" },
					{ "time": 2.7333, "x": 0, "y": 0 }
				]
			},
			"zp6": {
				"rotate": [
					{
						"time": 1.9,
						"angle": 0,
						"curve": [ 0.25, 0, 0.75, 1 ]
					},
					{
						"time": 2.0333,
						"angle": -37.03,
						"curve": [ 0.139, 0.28, 0.75, 1 ]
					},
					{
						"time": 2.2667,
						"angle": 104.38,
						"curve": [ 0.736, 0.1, 0.861, 0.69 ]
					},
					{ "time": 2.4333, "angle": 64.19, "curve": "stepped" },
					{
						"time": 2.6,
						"angle": 64.19,
						"curve": [ 0.25, 0, 0.75, 1 ]
					},
					{ "time": 2.7333, "angle": 90, "curve": "stepped" },
					{
						"time": 2.9333,
						"angle": 90,
						"curve": [ 0.736, 0.1, 0.861, 0.69 ]
					},
					{
						"time": 3.1667,
						"angle": -89.6,
						"curve": [ 0.139, 0.28, 0.75, 1 ]
					},
					{ "time": 3.3333, "angle": -179.55 }
				],
				"translate": [
					{
						"time": 0.1,
						"x": 0,
						"y": 0,
						"curve": [ 0.25, 0, 0.75, 1 ]
					},
					{ "time": 0.2333, "x": 0, "y": -146.38, "curve": "stepped" },
					{ "time": 0.6667, "x": 0, "y": -146.38, "curve": "stepped" },
					{ "time": 0.8333, "x": 0, "y": -16.15, "curve": "stepped" },
					{ "time": 1.0333, "x": 0, "y": -16.15, "curve": "stepped" },
					{
						"time": 1.1333,
						"x": 0,
						"y": -16.15,
						"curve": [ 0.243, 0, 0.649, 0.6 ]
					},
					{
						"time": 1.2667,
						"x": 0,
						"y": 171.26,
						"curve": [ 0.382, 0.57, 0.735, 1 ]
					},
					{
						"time": 1.3333,
						"x": 0,
						"y": 137.21,
						"curve": [ 0.25, 0, 0.75, 1 ]
					},
					{
						"time": 1.4333,
						"x": 0,
						"y": 102.77,
						"curve": [ 0.25, 0, 0.75, 1 ]
					},
					{
						"time": 1.5333,
						"x": 0,
						"y": 120.57,
						"curve": [ 0.25, 0, 0.75, 1 ]
					},
					{ "time": 1.6667, "x": 0, "y": 0, "curve": "stepped" },
					{
						"time": 1.7667,
						"x": 0,
						"y": 0,
						"curve": [ 0.242, 0, 0.667, 0.67 ]
					},
					{
						"time": 1.8667,
						"x": 187.55,
						"y": 0,
						"curve": [ 0.379, 0.6, 0.724, 1 ]
					},
					{
						"time": 1.9,
						"x": -192.92,
						"y": 19.75,
						"curve": [ 0.247, 0.29, 0.586, 0.63 ]
					},
					{
						"time": 2.0333,
						"x": 106.9,
						"y": 113.12,
						"curve": [ 0.139, 0.28, 0.75, 1 ]
					},
					{
						"time": 2.2667,
						"x": 171.32,
						"y": -0.28,
						"curve": [ 0.736, 0.1, 0.861, 0.69 ]
					},
					{ "time": 2.4333, "x": 49.92, "y": -6.84, "curve": "stepped" },
					{
						"time": 2.6,
						"x": 49.92,
						"y": -6.84,
						"curve": [ 0.25, 0, 0.75, 1 ]
					},
					{ "time": 2.7333, "x": 0, "y": -24.82, "curve": "stepped" },
					{
						"time": 2.9333,
						"x": 0,
						"y": -24.82,
						"curve": [ 0.139, 0.28, 0.553, 1 ]
					},
					{
						"time": 3.3333,
						"x": 0,
						"y": 61.32,
						"curve": [ 0.25, 0, 0.75, 1 ]
					},
					{
						"time": 3.4,
						"x": 0,
						"y": 0,
						"curve": [ 0.139, 0.28, 0.75, 1 ]
					},
					{
						"time": 3.5333,
						"x": 0,
						"y": 89.79,
						"curve": [ 0.736, 0.1, 0.861, 0.69 ]
					},
					{ "time": 3.8, "x": 0, "y": 0 }
				]
			},
			"game21": {
				"rotate": [
					{ "time": 2.4, "angle": 0, "curve": "stepped" },
					{ "time": 2.4333, "angle": 3.16, "curve": "stepped" },
					{
						"time": 2.6,
						"angle": 3.16,
						"curve": [ 0.736, 0.1, 0.861, 0.69 ]
					},
					{ "time": 2.7333, "angle": 0, "curve": "stepped" },
					{ "time": 2.9333, "angle": 0 }
				],
				"scale": [
					{ "time": 2.4, "x": 1, "y": 1, "curve": "stepped" },
					{ "time": 2.7333, "x": 1, "y": 1 }
				],
				"shear": [
					{ "time": 2.4, "x": 0, "y": 0, "curve": "stepped" },
					{ "time": 2.7333, "x": 0, "y": 0 }
				]
			},
			"game20": {
				"rotate": [
					{ "time": 2.4, "angle": 0, "curve": "stepped" },
					{ "time": 2.4333, "angle": 1.95, "curve": "stepped" },
					{
						"time": 2.6,
						"angle": 1.95,
						"curve": [ 0.736, 0.1, 0.861, 0.69 ]
					},
					{ "time": 2.7333, "angle": 0, "curve": "stepped" },
					{ "time": 2.9333, "angle": 0 }
				],
				"scale": [
					{ "time": 2.4, "x": 1, "y": 1, "curve": "stepped" },
					{ "time": 2.7333, "x": 1, "y": 1 }
				],
				"shear": [
					{ "time": 2.4, "x": 0, "y": 0, "curve": "stepped" },
					{ "time": 2.7333, "x": 0, "y": 0 }
				]
			},
			"game19": {
				"rotate": [
					{ "time": 2.4, "angle": 0, "curve": "stepped" },
					{ "time": 2.4333, "angle": -0.41, "curve": "stepped" },
					{
						"time": 2.6,
						"angle": -0.41,
						"curve": [ 0.736, 0.1, 0.861, 0.69 ]
					},
					{ "time": 2.7333, "angle": 0, "curve": "stepped" },
					{ "time": 2.9333, "angle": 0 }
				],
				"scale": [
					{ "time": 2.4, "x": 1, "y": 1, "curve": "stepped" },
					{ "time": 2.7333, "x": 1, "y": 1 }
				],
				"shear": [
					{ "time": 2.4, "x": 0, "y": 0, "curve": "stepped" },
					{ "time": 2.7333, "x": 0, "y": 0 }
				]
			},
			"game18": {
				"rotate": [
					{ "time": 2.4, "angle": 0, "curve": "stepped" },
					{ "time": 2.4333, "angle": -0.47, "curve": "stepped" },
					{
						"time": 2.6,
						"angle": -0.47,
						"curve": [ 0.736, 0.1, 0.861, 0.69 ]
					},
					{ "time": 2.7333, "angle": 0, "curve": "stepped" },
					{ "time": 2.9333, "angle": 0 }
				],
				"shear": [
					{ "time": 2.4, "x": 0, "y": 0, "curve": "stepped" },
					{ "time": 2.7333, "x": 0, "y": 0 }
				]
			},
			"zp7": {
				"rotate": [
					{
						"time": 1.9,
						"angle": 0,
						"curve": [ 0.25, 0, 0.75, 1 ]
					},
					{
						"time": 2.0333,
						"angle": -27.56,
						"curve": [ 0.139, 0.28, 0.75, 1 ]
					},
					{
						"time": 2.2667,
						"angle": -122.76,
						"curve": [ 0.736, 0.1, 0.861, 0.69 ]
					},
					{ "time": 2.4333, "angle": -65.26, "curve": "stepped" },
					{
						"time": 2.6,
						"angle": -65.26,
						"curve": [ 0.25, 0, 0.75, 1 ]
					},
					{ "time": 2.7333, "angle": -90, "curve": "stepped" },
					{
						"time": 2.9333,
						"angle": -90,
						"curve": [ 0.736, 0.1, 0.861, 0.69 ]
					},
					{
						"time": 3.1667,
						"angle": 90.4,
						"curve": [ 0.139, 0.28, 0.75, 1 ]
					},
					{ "time": 3.3333, "angle": 0.45 }
				],
				"translate": [
					{
						"time": 0.1,
						"x": 0,
						"y": 0,
						"curve": [ 0.25, 0, 0.75, 1 ]
					},
					{ "time": 0.2333, "x": 0, "y": -146.38, "curve": "stepped" },
					{ "time": 0.6667, "x": 0, "y": -146.38, "curve": "stepped" },
					{ "time": 0.8333, "x": 0, "y": -16.15, "curve": "stepped" },
					{ "time": 1.0333, "x": 0, "y": -16.15, "curve": "stepped" },
					{
						"time": 1.1333,
						"x": 0,
						"y": -16.15,
						"curve": [ 0.243, 0, 0.649, 0.6 ]
					},
					{
						"time": 1.2667,
						"x": 0,
						"y": 171.26,
						"curve": [ 0.382, 0.57, 0.735, 1 ]
					},
					{
						"time": 1.3333,
						"x": 0,
						"y": 137.21,
						"curve": [ 0.25, 0, 0.75, 1 ]
					},
					{
						"time": 1.4333,
						"x": 0,
						"y": 102.77,
						"curve": [ 0.25, 0, 0.75, 1 ]
					},
					{
						"time": 1.5333,
						"x": 0,
						"y": 120.57,
						"curve": [ 0.25, 0, 0.75, 1 ]
					},
					{ "time": 1.6667, "x": 0, "y": 0, "curve": "stepped" },
					{
						"time": 1.7667,
						"x": 0,
						"y": 0,
						"curve": [ 0.242, 0, 0.667, 0.67 ]
					},
					{
						"time": 1.8667,
						"x": -183.42,
						"y": 0,
						"curve": [ 0.379, 0.6, 0.724, 1 ]
					},
					{
						"time": 1.9,
						"x": 189.97,
						"y": -33.27,
						"curve": [ 0.221, 0.27, 0.566, 0.62 ]
					},
					{
						"time": 2.0333,
						"x": -99.57,
						"y": -125.58,
						"curve": [ 0.139, 0.28, 0.75, 1 ]
					},
					{
						"time": 2.2667,
						"x": -172.11,
						"y": -3.65,
						"curve": [ 0.736, 0.1, 0.861, 0.69 ]
					},
					{ "time": 2.4333, "x": -33.7, "y": -5.86, "curve": "stepped" },
					{
						"time": 2.6,
						"x": -33.7,
						"y": -5.86,
						"curve": [ 0.25, 0, 0.75, 1 ]
					},
					{ "time": 2.7333, "x": 0, "y": -24.82, "curve": "stepped" },
					{
						"time": 2.9333,
						"x": 0,
						"y": -24.82,
						"curve": [ 0.139, 0.28, 0.553, 1 ]
					},
					{
						"time": 3.3333,
						"x": 0,
						"y": 61.32,
						"curve": [ 0.25, 0, 0.75, 1 ]
					},
					{
						"time": 3.4,
						"x": 0,
						"y": 0,
						"curve": [ 0.139, 0.28, 0.75, 1 ]
					},
					{
						"time": 3.5333,
						"x": 0,
						"y": 89.79,
						"curve": [ 0.736, 0.1, 0.861, 0.69 ]
					},
					{ "time": 3.8333, "x": 0, "y": 0 }
				]
			},
			"game25": {
				"rotate": [
					{ "time": 2.4, "angle": 0, "curve": "stepped" },
					{ "time": 2.4333, "angle": -0.44, "curve": "stepped" },
					{
						"time": 2.6,
						"angle": -0.44,
						"curve": [ 0.736, 0.1, 0.861, 0.69 ]
					},
					{ "time": 2.7333, "angle": 0, "curve": "stepped" },
					{ "time": 2.9333, "angle": 0 }
				],
				"scale": [
					{ "time": 2.4, "x": 1, "y": 1, "curve": "stepped" },
					{ "time": 2.4333, "x": 0.898, "y": 1.091, "curve": "stepped" },
					{
						"time": 2.6,
						"x": 0.898,
						"y": 1.091,
						"curve": [ 0.736, 0.1, 0.861, 0.69 ]
					},
					{ "time": 2.7333, "x": 1, "y": 1 }
				],
				"shear": [
					{ "time": 2.4, "x": 0, "y": 0, "curve": "stepped" },
					{ "time": 2.4333, "x": 7.23, "y": 2.36, "curve": "stepped" },
					{
						"time": 2.6,
						"x": 7.23,
						"y": 2.36,
						"curve": [ 0.736, 0.1, 0.861, 0.69 ]
					},
					{ "time": 2.7333, "x": 0, "y": 0 }
				]
			},
			"game24": {
				"rotate": [
					{ "time": 2.4, "angle": 0, "curve": "stepped" },
					{ "time": 2.4333, "angle": -0.01, "curve": "stepped" },
					{
						"time": 2.6,
						"angle": -0.01,
						"curve": [ 0.736, 0.1, 0.861, 0.69 ]
					},
					{ "time": 2.7333, "angle": 0, "curve": "stepped" },
					{ "time": 2.9333, "angle": 0 }
				],
				"scale": [
					{ "time": 2.4, "x": 1, "y": 1, "curve": "stepped" },
					{ "time": 2.4333, "x": 0.947, "y": 1.029, "curve": "stepped" },
					{
						"time": 2.6,
						"x": 0.947,
						"y": 1.029,
						"curve": [ 0.736, 0.1, 0.861, 0.69 ]
					},
					{ "time": 2.7333, "x": 1, "y": 1 }
				],
				"shear": [
					{ "time": 2.4, "x": 0, "y": 0, "curve": "stepped" },
					{ "time": 2.4333, "x": 3.23, "y": 0, "curve": "stepped" },
					{
						"time": 2.6,
						"x": 3.23,
						"y": 0,
						"curve": [ 0.736, 0.1, 0.861, 0.69 ]
					},
					{ "time": 2.7333, "x": 0, "y": 0 }
				]
			},
			"game23": {
				"rotate": [
					{ "time": 2.4, "angle": 0, "curve": "stepped" },
					{ "time": 2.4333, "angle": 0.2, "curve": "stepped" },
					{
						"time": 2.6,
						"angle": 0.2,
						"curve": [ 0.736, 0.1, 0.861, 0.69 ]
					},
					{ "time": 2.7333, "angle": 0, "curve": "stepped" },
					{ "time": 2.9333, "angle": 0 }
				],
				"scale": [
					{ "time": 2.4, "x": 1, "y": 1, "curve": "stepped" },
					{ "time": 2.4333, "x": 0.994, "y": 1.002, "curve": "stepped" },
					{
						"time": 2.6,
						"x": 0.994,
						"y": 1.002,
						"curve": [ 0.736, 0.1, 0.861, 0.69 ]
					},
					{ "time": 2.7333, "x": 1, "y": 1 }
				],
				"shear": [
					{ "time": 2.4, "x": 0, "y": 0, "curve": "stepped" },
					{ "time": 2.4333, "x": 0.16, "y": 0, "curve": "stepped" },
					{
						"time": 2.6,
						"x": 0.16,
						"y": 0,
						"curve": [ 0.736, 0.1, 0.861, 0.69 ]
					},
					{ "time": 2.7333, "x": 0, "y": 0 }
				]
			},
			"game22": {
				"rotate": [
					{ "time": 2.4, "angle": 0, "curve": "stepped" },
					{ "time": 2.4333, "angle": 0, "curve": "stepped" },
					{ "time": 2.6, "angle": 0, "curve": "stepped" },
					{ "time": 2.7333, "angle": 0, "curve": "stepped" },
					{ "time": 2.9333, "angle": 0 }
				],
				"scale": [
					{ "time": 2.4, "x": 1, "y": 1, "curve": "stepped" },
					{ "time": 2.4333, "x": 1, "y": 1, "curve": "stepped" },
					{ "time": 2.6, "x": 1, "y": 1, "curve": "stepped" },
					{ "time": 2.7333, "x": 1, "y": 1 }
				],
				"shear": [
					{ "time": 2.4, "x": 0, "y": 0, "curve": "stepped" },
					{ "time": 2.4333, "x": 0.3, "y": 0, "curve": "stepped" },
					{
						"time": 2.6,
						"x": 0.3,
						"y": 0,
						"curve": [ 0.736, 0.1, 0.861, 0.69 ]
					},
					{ "time": 2.7333, "x": 0, "y": 0 }
				]
			},
			"zp8": {
				"rotate": [
					{
						"time": 1.9,
						"angle": 0,
						"curve": [ 0.25, 0, 0.75, 1 ]
					},
					{
						"time": 2.0333,
						"angle": -37.03,
						"curve": [ 0.139, 0.28, 0.75, 1 ]
					},
					{
						"time": 2.2667,
						"angle": 104.38,
						"curve": [ 0.736, 0.1, 0.861, 0.69 ]
					},
					{ "time": 2.4333, "angle": 64.19, "curve": "stepped" },
					{
						"time": 2.6,
						"angle": 64.19,
						"curve": [ 0.25, 0, 0.75, 1 ]
					},
					{ "time": 2.7333, "angle": 90, "curve": "stepped" },
					{
						"time": 2.9333,
						"angle": 90,
						"curve": [ 0.736, 0.1, 0.861, 0.69 ]
					},
					{
						"time": 3.1667,
						"angle": -89.6,
						"curve": [ 0.139, 0.28, 0.75, 1 ]
					},
					{ "time": 3.3333, "angle": -179.55 }
				],
				"translate": [
					{
						"time": 0.1,
						"x": 0,
						"y": 0,
						"curve": [ 0.25, 0, 0.75, 1 ]
					},
					{ "time": 0.2333, "x": 0, "y": -146.38, "curve": "stepped" },
					{ "time": 0.6667, "x": 0, "y": -146.38, "curve": "stepped" },
					{ "time": 0.8333, "x": 0, "y": -16.15, "curve": "stepped" },
					{ "time": 1.0333, "x": 0, "y": -16.15, "curve": "stepped" },
					{
						"time": 1.1333,
						"x": 0,
						"y": -16.15,
						"curve": [ 0.243, 0, 0.649, 0.6 ]
					},
					{
						"time": 1.2667,
						"x": 0,
						"y": 171.26,
						"curve": [ 0.382, 0.57, 0.735, 1 ]
					},
					{
						"time": 1.3333,
						"x": 0,
						"y": 137.21,
						"curve": [ 0.25, 0, 0.75, 1 ]
					},
					{
						"time": 1.4333,
						"x": 0,
						"y": 102.77,
						"curve": [ 0.25, 0, 0.75, 1 ]
					},
					{
						"time": 1.5333,
						"x": 0,
						"y": 120.57,
						"curve": [ 0.25, 0, 0.75, 1 ]
					},
					{ "time": 1.6667, "x": 0, "y": 0, "curve": "stepped" },
					{
						"time": 1.7667,
						"x": 0,
						"y": 0,
						"curve": [ 0.242, 0, 0.667, 0.67 ]
					},
					{
						"time": 1.8667,
						"x": -183.42,
						"y": 0,
						"curve": [ 0.379, 0.6, 0.724, 1 ]
					},
					{
						"time": 1.9,
						"x": -192.92,
						"y": 15.87,
						"curve": [ 0.247, 0.29, 0.586, 0.63 ]
					},
					{
						"time": 2.0333,
						"x": 106.9,
						"y": 109.24,
						"curve": [ 0.139, 0.28, 0.75, 1 ]
					},
					{
						"time": 2.2667,
						"x": 171.32,
						"y": -4.16,
						"curve": [ 0.736, 0.1, 0.861, 0.69 ]
					},
					{ "time": 2.4333, "x": 49.92, "y": -10.71, "curve": "stepped" },
					{
						"time": 2.6,
						"x": 49.92,
						"y": -10.71,
						"curve": [ 0.25, 0, 0.75, 1 ]
					},
					{ "time": 2.7333, "x": 0, "y": -24.82, "curve": "stepped" },
					{
						"time": 2.9333,
						"x": 0,
						"y": -24.82,
						"curve": [ 0.139, 0.28, 0.553, 1 ]
					},
					{
						"time": 3.3333,
						"x": 0,
						"y": 61.32,
						"curve": [ 0.25, 0, 0.75, 1 ]
					},
					{
						"time": 3.4,
						"x": 0,
						"y": 0,
						"curve": [ 0.139, 0.28, 0.75, 1 ]
					},
					{
						"time": 3.5333,
						"x": 0,
						"y": 89.79,
						"curve": [ 0.736, 0.1, 0.861, 0.69 ]
					},
					{ "time": 3.8667, "x": 0, "y": 0 }
				]
			},
			"game29": {
				"rotate": [
					{ "time": 2.4, "angle": 0, "curve": "stepped" },
					{ "time": 2.4333, "angle": -0.27, "curve": "stepped" },
					{
						"time": 2.6,
						"angle": -0.27,
						"curve": [ 0.736, 0.1, 0.861, 0.69 ]
					},
					{ "time": 2.7333, "angle": 0, "curve": "stepped" },
					{ "time": 2.9333, "angle": 0 }
				],
				"scale": [
					{ "time": 2.4, "x": 1, "y": 1, "curve": "stepped" },
					{ "time": 2.4333, "x": 0.931, "y": 1.061, "curve": "stepped" },
					{
						"time": 2.6,
						"x": 0.931,
						"y": 1.061,
						"curve": [ 0.736, 0.1, 0.861, 0.69 ]
					},
					{ "time": 2.7333, "x": 1, "y": 1 }
				],
				"shear": [
					{ "time": 2.4, "x": 0, "y": 0, "curve": "stepped" },
					{ "time": 2.4333, "x": 4.85, "y": 1.58, "curve": "stepped" },
					{
						"time": 2.6,
						"x": 4.85,
						"y": 1.58,
						"curve": [ 0.736, 0.1, 0.861, 0.69 ]
					},
					{ "time": 2.7333, "x": 0, "y": 0 }
				]
			},
			"game28": {
				"rotate": [
					{ "time": 2.4, "angle": 0, "curve": "stepped" },
					{ "time": 2.4333, "angle": -0.01, "curve": "stepped" },
					{
						"time": 2.6,
						"angle": -0.01,
						"curve": [ 0.736, 0.1, 0.861, 0.69 ]
					},
					{ "time": 2.7333, "angle": 0, "curve": "stepped" },
					{ "time": 2.9333, "angle": 0 }
				],
				"scale": [
					{ "time": 2.4, "x": 1, "y": 1, "curve": "stepped" },
					{ "time": 2.4333, "x": 0.965, "y": 1.019, "curve": "stepped" },
					{
						"time": 2.6,
						"x": 0.965,
						"y": 1.019,
						"curve": [ 0.736, 0.1, 0.861, 0.69 ]
					},
					{ "time": 2.7333, "x": 1, "y": 1 }
				],
				"shear": [
					{ "time": 2.4, "x": 0, "y": 0, "curve": "stepped" },
					{ "time": 2.4333, "x": 2.16, "y": 0, "curve": "stepped" },
					{
						"time": 2.6,
						"x": 2.16,
						"y": 0,
						"curve": [ 0.736, 0.1, 0.861, 0.69 ]
					},
					{ "time": 2.7333, "x": 0, "y": 0 }
				]
			},
			"game27": {
				"rotate": [
					{ "time": 2.4, "angle": 0, "curve": "stepped" },
					{ "time": 2.4333, "angle": 0.12, "curve": "stepped" },
					{
						"time": 2.6,
						"angle": 0.12,
						"curve": [ 0.736, 0.1, 0.861, 0.69 ]
					},
					{ "time": 2.7333, "angle": 0, "curve": "stepped" },
					{ "time": 2.9333, "angle": 0 }
				],
				"scale": [
					{ "time": 2.4, "x": 1, "y": 1, "curve": "stepped" },
					{ "time": 2.4333, "x": 0.996, "y": 1.001, "curve": "stepped" },
					{
						"time": 2.6,
						"x": 0.996,
						"y": 1.001,
						"curve": [ 0.736, 0.1, 0.861, 0.69 ]
					},
					{ "time": 2.7333, "x": 1, "y": 1 }
				],
				"shear": [
					{ "time": 2.4, "x": 0, "y": 0, "curve": "stepped" },
					{ "time": 2.4333, "x": 0.1, "y": 0, "curve": "stepped" },
					{
						"time": 2.6,
						"x": 0.1,
						"y": 0,
						"curve": [ 0.736, 0.1, 0.861, 0.69 ]
					},
					{ "time": 2.7333, "x": 0, "y": 0 }
				]
			},
			"game26": {
				"rotate": [
					{ "time": 2.4, "angle": 0, "curve": "stepped" },
					{ "time": 2.4333, "angle": 0, "curve": "stepped" },
					{ "time": 2.6, "angle": 0, "curve": "stepped" },
					{ "time": 2.7333, "angle": 0, "curve": "stepped" },
					{ "time": 2.9333, "angle": 0 }
				],
				"scale": [
					{ "time": 2.4, "x": 1, "y": 1, "curve": "stepped" },
					{ "time": 2.4333, "x": 1, "y": 1, "curve": "stepped" },
					{ "time": 2.6, "x": 1, "y": 1, "curve": "stepped" },
					{ "time": 2.7333, "x": 1, "y": 1 }
				],
				"shear": [
					{ "time": 2.4, "x": 0, "y": 0, "curve": "stepped" },
					{ "time": 2.4333, "x": 0.2, "y": 0, "curve": "stepped" },
					{
						"time": 2.6,
						"x": 0.2,
						"y": 0,
						"curve": [ 0.736, 0.1, 0.861, 0.69 ]
					},
					{ "time": 2.7333, "x": 0, "y": 0 }
				]
			},
			"zp9": {
				"rotate": [
					{
						"time": 1.9,
						"angle": 0,
						"curve": [ 0.25, 0, 0.75, 1 ]
					},
					{
						"time": 2.0333,
						"angle": -27.56,
						"curve": [ 0.139, 0.28, 0.75, 1 ]
					},
					{
						"time": 2.2667,
						"angle": -122.76,
						"curve": [ 0.736, 0.1, 0.861, 0.69 ]
					},
					{ "time": 2.4333, "angle": -65.26, "curve": "stepped" },
					{
						"time": 2.6,
						"angle": -65.26,
						"curve": [ 0.25, 0, 0.75, 1 ]
					},
					{ "time": 2.7333, "angle": -90, "curve": "stepped" },
					{
						"time": 2.9333,
						"angle": -90,
						"curve": [ 0.736, 0.1, 0.861, 0.69 ]
					},
					{
						"time": 3.1667,
						"angle": 90.4,
						"curve": [ 0.139, 0.28, 0.75, 1 ]
					},
					{ "time": 3.3333, "angle": 0.45 }
				],
				"translate": [
					{
						"time": 0.1,
						"x": 0,
						"y": 0,
						"curve": [ 0.25, 0, 0.75, 1 ]
					},
					{
						"time": 0.2333,
						"x": 0,
						"y": -146.38,
						"curve": [ 0.25, 0, 0.75, 1 ]
					},
					{
						"time": 0.3667,
						"x": 0,
						"y": -120.29,
						"curve": [ 0.25, 0, 0.75, 1 ]
					},
					{ "time": 0.6667, "x": 0, "y": 104.47, "curve": "stepped" },
					{
						"time": 0.8333,
						"x": 0,
						"y": -162.06,
						"curve": [ 0.243, 0, 0.649, 0.6 ]
					},
					{
						"time": 0.9667,
						"x": 0,
						"y": 3.53,
						"curve": [ 0.382, 0.57, 0.735, 1 ]
					},
					{ "time": 1.0333, "x": 0, "y": -15.95, "curve": "stepped" },
					{
						"time": 1.1333,
						"x": 0,
						"y": -15.95,
						"curve": [ 0.243, 0, 0.649, 0.6 ]
					},
					{
						"time": 1.2667,
						"x": 0,
						"y": 171.46,
						"curve": [ 0.382, 0.57, 0.735, 1 ]
					},
					{
						"time": 1.3333,
						"x": 0,
						"y": 137.42,
						"curve": [ 0.25, 0, 0.75, 1 ]
					},
					{
						"time": 1.4333,
						"x": 0,
						"y": 102.98,
						"curve": [ 0.25, 0, 0.75, 1 ]
					},
					{
						"time": 1.5333,
						"x": 0,
						"y": 120.78,
						"curve": [ 0.25, 0, 0.75, 1 ]
					},
					{ "time": 1.6667, "x": 0, "y": 0, "curve": "stepped" },
					{
						"time": 1.7667,
						"x": 0,
						"y": 0,
						"curve": [ 0.242, 0, 0.667, 0.67 ]
					},
					{
						"time": 1.8667,
						"x": -183.42,
						"y": 0,
						"curve": [ 0.379, 0.6, 0.724, 1 ]
					},
					{
						"time": 1.9,
						"x": 189.97,
						"y": -37.47,
						"curve": [ 0.221, 0.27, 0.566, 0.62 ]
					},
					{
						"time": 2.0333,
						"x": -99.57,
						"y": -129.79,
						"curve": [ 0.139, 0.28, 0.75, 1 ]
					},
					{
						"time": 2.2667,
						"x": -172.11,
						"y": -7.86,
						"curve": [ 0.736, 0.1, 0.861, 0.69 ]
					},
					{ "time": 2.4333, "x": -33.7, "y": -10.07, "curve": "stepped" },
					{
						"time": 2.6,
						"x": -33.7,
						"y": -10.07,
						"curve": [ 0.25, 0, 0.75, 1 ]
					},
					{ "time": 2.7333, "x": 0, "y": -24.82, "curve": "stepped" },
					{
						"time": 2.9333,
						"x": 0,
						"y": -24.82,
						"curve": [ 0.139, 0.28, 0.553, 1 ]
					},
					{
						"time": 3.3333,
						"x": 0,
						"y": 61.32,
						"curve": [ 0.25, 0, 0.75, 1 ]
					},
					{
						"time": 3.4,
						"x": 0,
						"y": 0,
						"curve": [ 0.139, 0.28, 0.75, 1 ]
					},
					{
						"time": 3.5333,
						"x": 0,
						"y": 89.79,
						"curve": [ 0.736, 0.1, 0.861, 0.69 ]
					},
					{ "time": 3.9, "x": 0, "y": 0 }
				]
			},
			"game33": {
				"rotate": [
					{ "time": 2.4, "angle": 0, "curve": "stepped" },
					{ "time": 2.4333, "angle": -0.44, "curve": "stepped" },
					{
						"time": 2.6,
						"angle": -0.44,
						"curve": [ 0.736, 0.1, 0.861, 0.69 ]
					},
					{ "time": 2.7333, "angle": 0, "curve": "stepped" },
					{ "time": 2.9333, "angle": 0 }
				],
				"scale": [
					{ "time": 2.4, "x": 1, "y": 1, "curve": "stepped" },
					{ "time": 2.4333, "x": 0.898, "y": 1.091, "curve": "stepped" },
					{
						"time": 2.6,
						"x": 0.898,
						"y": 1.091,
						"curve": [ 0.736, 0.1, 0.861, 0.69 ]
					},
					{ "time": 2.7333, "x": 1, "y": 1 }
				],
				"shear": [
					{ "time": 2.4, "x": 0, "y": 0, "curve": "stepped" },
					{ "time": 2.4333, "x": 7.23, "y": 2.36, "curve": "stepped" },
					{
						"time": 2.6,
						"x": 7.23,
						"y": 2.36,
						"curve": [ 0.736, 0.1, 0.861, 0.69 ]
					},
					{ "time": 2.7333, "x": 0, "y": 0 }
				]
			},
			"game32": {
				"rotate": [
					{ "time": 2.4, "angle": 0, "curve": "stepped" },
					{ "time": 2.4333, "angle": -0.01, "curve": "stepped" },
					{
						"time": 2.6,
						"angle": -0.01,
						"curve": [ 0.736, 0.1, 0.861, 0.69 ]
					},
					{ "time": 2.7333, "angle": 0, "curve": "stepped" },
					{ "time": 2.9333, "angle": 0 }
				],
				"scale": [
					{ "time": 2.4, "x": 1, "y": 1, "curve": "stepped" },
					{ "time": 2.4333, "x": 0.947, "y": 1.029, "curve": "stepped" },
					{
						"time": 2.6,
						"x": 0.947,
						"y": 1.029,
						"curve": [ 0.736, 0.1, 0.861, 0.69 ]
					},
					{ "time": 2.7333, "x": 1, "y": 1 }
				],
				"shear": [
					{ "time": 2.4, "x": 0, "y": 0, "curve": "stepped" },
					{ "time": 2.4333, "x": 3.23, "y": 0, "curve": "stepped" },
					{
						"time": 2.6,
						"x": 3.23,
						"y": 0,
						"curve": [ 0.736, 0.1, 0.861, 0.69 ]
					},
					{ "time": 2.7333, "x": 0, "y": 0 }
				]
			},
			"game31": {
				"rotate": [
					{ "time": 2.4, "angle": 0, "curve": "stepped" },
					{ "time": 2.4333, "angle": 0.2, "curve": "stepped" },
					{
						"time": 2.6,
						"angle": 0.2,
						"curve": [ 0.736, 0.1, 0.861, 0.69 ]
					},
					{ "time": 2.7333, "angle": 0, "curve": "stepped" },
					{ "time": 2.9333, "angle": 0 }
				],
				"scale": [
					{ "time": 2.4, "x": 1, "y": 1, "curve": "stepped" },
					{ "time": 2.4333, "x": 0.994, "y": 1.002, "curve": "stepped" },
					{
						"time": 2.6,
						"x": 0.994,
						"y": 1.002,
						"curve": [ 0.736, 0.1, 0.861, 0.69 ]
					},
					{ "time": 2.7333, "x": 1, "y": 1 }
				],
				"shear": [
					{ "time": 2.4, "x": 0, "y": 0, "curve": "stepped" },
					{ "time": 2.4333, "x": 0.16, "y": 0, "curve": "stepped" },
					{
						"time": 2.6,
						"x": 0.16,
						"y": 0,
						"curve": [ 0.736, 0.1, 0.861, 0.69 ]
					},
					{ "time": 2.7333, "x": 0, "y": 0 }
				]
			},
			"game30": {
				"rotate": [
					{ "time": 2.4, "angle": 0, "curve": "stepped" },
					{ "time": 2.4333, "angle": 0, "curve": "stepped" },
					{ "time": 2.6, "angle": 0, "curve": "stepped" },
					{ "time": 2.7333, "angle": 0, "curve": "stepped" },
					{ "time": 2.9333, "angle": 0 }
				],
				"scale": [
					{ "time": 2.4, "x": 1, "y": 1, "curve": "stepped" },
					{ "time": 2.4333, "x": 1, "y": 1, "curve": "stepped" },
					{ "time": 2.6, "x": 1, "y": 1, "curve": "stepped" },
					{ "time": 2.7333, "x": 1, "y": 1 }
				],
				"shear": [
					{ "time": 2.4, "x": 0, "y": 0, "curve": "stepped" },
					{ "time": 2.4333, "x": 0.3, "y": 0, "curve": "stepped" },
					{
						"time": 2.6,
						"x": 0.3,
						"y": 0,
						"curve": [ 0.736, 0.1, 0.861, 0.69 ]
					},
					{ "time": 2.7333, "x": 0, "y": 0 }
				]
			},
			"zp10": {
				"rotate": [
					{
						"time": 1.9,
						"angle": 0,
						"curve": [ 0.25, 0, 0.75, 1 ]
					},
					{
						"time": 2.0333,
						"angle": -37.03,
						"curve": [ 0.139, 0.28, 0.75, 1 ]
					},
					{
						"time": 2.2667,
						"angle": 104.38,
						"curve": [ 0.736, 0.1, 0.861, 0.69 ]
					},
					{ "time": 2.4333, "angle": 64.19, "curve": "stepped" },
					{
						"time": 2.6,
						"angle": 64.19,
						"curve": [ 0.25, 0, 0.75, 1 ]
					},
					{ "time": 2.7333, "angle": 90, "curve": "stepped" },
					{
						"time": 2.9333,
						"angle": 90,
						"curve": [ 0.736, 0.1, 0.861, 0.69 ]
					},
					{
						"time": 3.1667,
						"angle": -89.6,
						"curve": [ 0.139, 0.28, 0.75, 1 ]
					},
					{ "time": 3.3333, "angle": -179.55 }
				],
				"translate": [
					{
						"time": 0.1,
						"x": 0,
						"y": 0,
						"curve": [ 0.25, 0, 0.75, 1 ]
					},
					{
						"time": 0.2333,
						"x": 0,
						"y": -146.38,
						"curve": [ 0.25, 0, 0.75, 1 ]
					},
					{
						"time": 0.3667,
						"x": 0,
						"y": -120.29,
						"curve": [ 0.25, 0, 0.75, 1 ]
					},
					{ "time": 0.6667, "x": 0, "y": 104.47, "curve": "stepped" },
					{
						"time": 0.8333,
						"x": 0,
						"y": -162.06,
						"curve": [ 0.243, 0, 0.649, 0.6 ]
					},
					{
						"time": 0.9667,
						"x": 0,
						"y": 3.53,
						"curve": [ 0.382, 0.57, 0.735, 1 ]
					},
					{ "time": 1.0333, "x": 0, "y": -15.95, "curve": "stepped" },
					{
						"time": 1.1333,
						"x": 0,
						"y": -15.95,
						"curve": [ 0.243, 0, 0.649, 0.6 ]
					},
					{
						"time": 1.2667,
						"x": 0,
						"y": 171.46,
						"curve": [ 0.382, 0.57, 0.735, 1 ]
					},
					{
						"time": 1.3333,
						"x": 0,
						"y": 137.42,
						"curve": [ 0.25, 0, 0.75, 1 ]
					},
					{
						"time": 1.4333,
						"x": 0,
						"y": 102.98,
						"curve": [ 0.25, 0, 0.75, 1 ]
					},
					{
						"time": 1.5333,
						"x": 0,
						"y": 120.78,
						"curve": [ 0.25, 0, 0.75, 1 ]
					},
					{ "time": 1.6667, "x": 0, "y": 0, "curve": "stepped" },
					{
						"time": 1.7667,
						"x": 0,
						"y": 0,
						"curve": [ 0.242, 0, 0.667, 0.67 ]
					},
					{
						"time": 1.8667,
						"x": -183.42,
						"y": 0,
						"curve": [ 0.379, 0.6, 0.724, 1 ]
					},
					{
						"time": 1.9,
						"x": -192.92,
						"y": 12,
						"curve": [ 0.247, 0.29, 0.586, 0.63 ]
					},
					{
						"time": 2.0333,
						"x": 106.9,
						"y": 105.36,
						"curve": [ 0.139, 0.28, 0.75, 1 ]
					},
					{
						"time": 2.2667,
						"x": 171.32,
						"y": -8.04,
						"curve": [ 0.736, 0.1, 0.861, 0.69 ]
					},
					{ "time": 2.4333, "x": 49.92, "y": -14.59, "curve": "stepped" },
					{
						"time": 2.6,
						"x": 49.92,
						"y": -14.59,
						"curve": [ 0.25, 0, 0.75, 1 ]
					},
					{ "time": 2.7333, "x": 0, "y": -24.82, "curve": "stepped" },
					{
						"time": 2.9333,
						"x": 0,
						"y": -24.82,
						"curve": [ 0.139, 0.28, 0.553, 1 ]
					},
					{
						"time": 3.3333,
						"x": 0,
						"y": 61.32,
						"curve": [ 0.25, 0, 0.75, 1 ]
					},
					{
						"time": 3.4,
						"x": 0,
						"y": 0,
						"curve": [ 0.139, 0.28, 0.75, 1 ]
					},
					{
						"time": 3.5333,
						"x": 0,
						"y": 89.79,
						"curve": [ 0.736, 0.1, 0.861, 0.69 ]
					},
					{ "time": 3.9333, "x": 0, "y": 0 }
				]
			},
			"game37": {
				"rotate": [
					{ "time": 2.4, "angle": 0, "curve": "stepped" },
					{ "time": 2.4333, "angle": -0.21, "curve": "stepped" },
					{
						"time": 2.6,
						"angle": -0.21,
						"curve": [ 0.736, 0.1, 0.861, 0.69 ]
					},
					{ "time": 2.7333, "angle": 0, "curve": "stepped" },
					{ "time": 2.9333, "angle": 0 }
				],
				"scale": [
					{ "time": 2.4, "x": 1, "y": 1, "curve": "stepped" },
					{ "time": 2.4333, "x": 0.932, "y": 1.06, "curve": "stepped" },
					{
						"time": 2.6,
						"x": 0.932,
						"y": 1.06,
						"curve": [ 0.736, 0.1, 0.861, 0.69 ]
					},
					{ "time": 2.7333, "x": 1, "y": 1 }
				],
				"shear": [
					{ "time": 2.4, "x": 0, "y": 0, "curve": "stepped" },
					{ "time": 2.4333, "x": 4.85, "y": 1.58, "curve": "stepped" },
					{
						"time": 2.6,
						"x": 4.85,
						"y": 1.58,
						"curve": [ 0.736, 0.1, 0.861, 0.69 ]
					},
					{ "time": 2.7333, "x": 0, "y": 0 }
				]
			},
			"game36": {
				"rotate": [
					{ "time": 2.4, "angle": 0, "curve": "stepped" },
					{ "time": 2.4333, "angle": -0.01, "curve": "stepped" },
					{
						"time": 2.6,
						"angle": -0.01,
						"curve": [ 0.736, 0.1, 0.861, 0.69 ]
					},
					{ "time": 2.7333, "angle": 0, "curve": "stepped" },
					{ "time": 2.9333, "angle": 0 }
				],
				"scale": [
					{ "time": 2.4, "x": 1, "y": 1, "curve": "stepped" },
					{ "time": 2.4333, "x": 0.965, "y": 1.019, "curve": "stepped" },
					{
						"time": 2.6,
						"x": 0.965,
						"y": 1.019,
						"curve": [ 0.736, 0.1, 0.861, 0.69 ]
					},
					{ "time": 2.7333, "x": 1, "y": 1 }
				],
				"shear": [
					{ "time": 2.4, "x": 0, "y": 0, "curve": "stepped" },
					{ "time": 2.4333, "x": 2.16, "y": 0, "curve": "stepped" },
					{
						"time": 2.6,
						"x": 2.16,
						"y": 0,
						"curve": [ 0.736, 0.1, 0.861, 0.69 ]
					},
					{ "time": 2.7333, "x": 0, "y": 0 }
				]
			},
			"game35": {
				"rotate": [
					{ "time": 2.4, "angle": 0, "curve": "stepped" },
					{ "time": 2.4333, "angle": 0.1, "curve": "stepped" },
					{
						"time": 2.6,
						"angle": 0.1,
						"curve": [ 0.736, 0.1, 0.861, 0.69 ]
					},
					{ "time": 2.7333, "angle": 0, "curve": "stepped" },
					{ "time": 2.9333, "angle": 0 }
				],
				"scale": [
					{ "time": 2.4, "x": 1, "y": 1, "curve": "stepped" },
					{ "time": 2.4333, "x": 0.997, "y": 1.001, "curve": "stepped" },
					{
						"time": 2.6,
						"x": 0.997,
						"y": 1.001,
						"curve": [ 0.736, 0.1, 0.861, 0.69 ]
					},
					{ "time": 2.7333, "x": 1, "y": 1 }
				],
				"shear": [
					{ "time": 2.4, "x": 0, "y": 0, "curve": "stepped" },
					{ "time": 2.4333, "x": 0.1, "y": 0, "curve": "stepped" },
					{
						"time": 2.6,
						"x": 0.1,
						"y": 0,
						"curve": [ 0.736, 0.1, 0.861, 0.69 ]
					},
					{ "time": 2.7333, "x": 0, "y": 0 }
				]
			},
			"game34": {
				"rotate": [
					{ "time": 2.4, "angle": 0, "curve": "stepped" },
					{ "time": 2.4333, "angle": 0, "curve": "stepped" },
					{ "time": 2.6, "angle": 0, "curve": "stepped" },
					{ "time": 2.7333, "angle": 0, "curve": "stepped" },
					{ "time": 2.9333, "angle": 0 }
				],
				"scale": [
					{ "time": 2.4, "x": 1, "y": 1, "curve": "stepped" },
					{ "time": 2.4333, "x": 1, "y": 1, "curve": "stepped" },
					{ "time": 2.6, "x": 1, "y": 1, "curve": "stepped" },
					{ "time": 2.7333, "x": 1, "y": 1 }
				],
				"shear": [
					{ "time": 2.4, "x": 0, "y": 0, "curve": "stepped" },
					{ "time": 2.4333, "x": 0.2, "y": 0, "curve": "stepped" },
					{
						"time": 2.6,
						"x": 0.2,
						"y": 0,
						"curve": [ 0.736, 0.1, 0.861, 0.69 ]
					},
					{ "time": 2.7333, "x": 0, "y": 0 }
				]
			},
			"zp11": {
				"rotate": [
					{
						"time": 1.9,
						"angle": 0,
						"curve": [ 0.25, 0, 0.75, 1 ]
					},
					{
						"time": 2.0333,
						"angle": -27.56,
						"curve": [ 0.139, 0.28, 0.75, 1 ]
					},
					{
						"time": 2.2667,
						"angle": -122.76,
						"curve": [ 0.736, 0.1, 0.861, 0.69 ]
					},
					{ "time": 2.4333, "angle": -65.26, "curve": "stepped" },
					{
						"time": 2.6,
						"angle": -65.26,
						"curve": [ 0.25, 0, 0.75, 1 ]
					},
					{ "time": 2.7333, "angle": -90, "curve": "stepped" },
					{
						"time": 2.9333,
						"angle": -90,
						"curve": [ 0.736, 0.1, 0.861, 0.69 ]
					},
					{
						"time": 3.1667,
						"angle": 90.4,
						"curve": [ 0.139, 0.28, 0.75, 1 ]
					},
					{ "time": 3.3333, "angle": 0.45 }
				],
				"translate": [
					{
						"time": 0.1,
						"x": 0,
						"y": 0,
						"curve": [ 0.25, 0, 0.75, 1 ]
					},
					{
						"time": 0.2333,
						"x": 0,
						"y": -146.38,
						"curve": [ 0.25, 0, 0.75, 1 ]
					},
					{
						"time": 0.3667,
						"x": 0,
						"y": -120.29,
						"curve": [ 0.25, 0, 0.75, 1 ]
					},
					{ "time": 0.6667, "x": 0, "y": 104.47, "curve": "stepped" },
					{
						"time": 0.8333,
						"x": 0,
						"y": -162.06,
						"curve": [ 0.243, 0, 0.649, 0.6 ]
					},
					{
						"time": 0.9667,
						"x": 0,
						"y": 3.53,
						"curve": [ 0.382, 0.57, 0.735, 1 ]
					},
					{ "time": 1.0333, "x": 0, "y": -15.95, "curve": "stepped" },
					{
						"time": 1.1333,
						"x": 0,
						"y": -15.95,
						"curve": [ 0.243, 0, 0.649, 0.6 ]
					},
					{
						"time": 1.2667,
						"x": 0,
						"y": 171.46,
						"curve": [ 0.382, 0.57, 0.735, 1 ]
					},
					{
						"time": 1.3333,
						"x": 0,
						"y": 137.42,
						"curve": [ 0.25, 0, 0.75, 1 ]
					},
					{
						"time": 1.4333,
						"x": 0,
						"y": 102.98,
						"curve": [ 0.25, 0, 0.75, 1 ]
					},
					{
						"time": 1.5333,
						"x": 0,
						"y": 120.78,
						"curve": [ 0.25, 0, 0.75, 1 ]
					},
					{ "time": 1.6667, "x": 0, "y": 0, "curve": "stepped" },
					{
						"time": 1.7667,
						"x": 0,
						"y": 0,
						"curve": [ 0.242, 0, 0.667, 0.67 ]
					},
					{
						"time": 1.8667,
						"x": -183.42,
						"y": 0,
						"curve": [ 0.379, 0.6, 0.724, 1 ]
					},
					{
						"time": 1.9,
						"x": 189.97,
						"y": -41.44,
						"curve": [ 0.221, 0.27, 0.566, 0.62 ]
					},
					{
						"time": 2.0333,
						"x": -99.57,
						"y": -133.75,
						"curve": [ 0.139, 0.28, 0.75, 1 ]
					},
					{
						"time": 2.2667,
						"x": -172.11,
						"y": -11.82,
						"curve": [ 0.736, 0.1, 0.861, 0.69 ]
					},
					{ "time": 2.4333, "x": -33.7, "y": -14.04, "curve": "stepped" },
					{
						"time": 2.6,
						"x": -33.7,
						"y": -14.04,
						"curve": [ 0.25, 0, 0.75, 1 ]
					},
					{ "time": 2.7333, "x": 0, "y": -24.82, "curve": "stepped" },
					{
						"time": 2.9333,
						"x": 0,
						"y": -24.82,
						"curve": [ 0.139, 0.28, 0.553, 1 ]
					},
					{
						"time": 3.3333,
						"x": 0,
						"y": 61.32,
						"curve": [ 0.25, 0, 0.75, 1 ]
					},
					{
						"time": 3.4,
						"x": 0,
						"y": 0,
						"curve": [ 0.139, 0.28, 0.75, 1 ]
					},
					{
						"time": 3.5333,
						"x": 0,
						"y": 89.79,
						"curve": [ 0.736, 0.1, 0.861, 0.69 ]
					},
					{ "time": 3.9667, "x": 0, "y": 0 }
				]
			},
			"game41": {
				"rotate": [
					{ "time": 2.4, "angle": 0, "curve": "stepped" },
					{ "time": 2.4333, "angle": -0.13, "curve": "stepped" },
					{
						"time": 2.6,
						"angle": -0.13,
						"curve": [ 0.736, 0.1, 0.861, 0.69 ]
					},
					{ "time": 2.7333, "angle": 0, "curve": "stepped" },
					{ "time": 2.9333, "angle": 0 }
				],
				"scale": [
					{ "time": 2.4, "x": 1, "y": 1, "curve": "stepped" },
					{ "time": 2.4333, "x": 0.966, "y": 1.03, "curve": "stepped" },
					{
						"time": 2.6,
						"x": 0.966,
						"y": 1.03,
						"curve": [ 0.736, 0.1, 0.861, 0.69 ]
					},
					{ "time": 2.7333, "x": 1, "y": 1 }
				],
				"shear": [
					{ "time": 2.4, "x": 0, "y": 0, "curve": "stepped" },
					{ "time": 2.4333, "x": 2.43, "y": 0.79, "curve": "stepped" },
					{
						"time": 2.6,
						"x": 2.43,
						"y": 0.79,
						"curve": [ 0.736, 0.1, 0.861, 0.69 ]
					},
					{ "time": 2.7333, "x": 0, "y": 0 }
				]
			},
			"game40": {
				"rotate": [
					{ "time": 2.4, "angle": 0, "curve": "stepped" },
					{ "time": 2.4333, "angle": 0, "curve": "stepped" },
					{
						"time": 2.6,
						"angle": 0,
						"curve": [ 0.736, 0.1, 0.861, 0.69 ]
					},
					{ "time": 2.7333, "angle": 0, "curve": "stepped" },
					{ "time": 2.9333, "angle": 0 }
				],
				"scale": [
					{ "time": 2.4, "x": 1, "y": 1, "curve": "stepped" },
					{ "time": 2.4333, "x": 0.982, "y": 1.01, "curve": "stepped" },
					{
						"time": 2.6,
						"x": 0.982,
						"y": 1.01,
						"curve": [ 0.736, 0.1, 0.861, 0.69 ]
					},
					{ "time": 2.7333, "x": 1, "y": 1 }
				],
				"shear": [
					{ "time": 2.4, "x": 0, "y": 0, "curve": "stepped" },
					{ "time": 2.4333, "x": 1.09, "y": 0, "curve": "stepped" },
					{
						"time": 2.6,
						"x": 1.09,
						"y": 0,
						"curve": [ 0.736, 0.1, 0.861, 0.69 ]
					},
					{ "time": 2.7333, "x": 0, "y": 0 }
				]
			},
			"game39": {
				"rotate": [
					{ "time": 2.4, "angle": 0, "curve": "stepped" },
					{ "time": 2.4333, "angle": 0.06, "curve": "stepped" },
					{
						"time": 2.6,
						"angle": 0.06,
						"curve": [ 0.736, 0.1, 0.861, 0.69 ]
					},
					{ "time": 2.7333, "angle": 0, "curve": "stepped" },
					{ "time": 2.9333, "angle": 0 }
				],
				"scale": [
					{ "time": 2.4, "x": 1, "y": 1, "curve": "stepped" },
					{ "time": 2.4333, "x": 0.998, "y": 1.001, "curve": "stepped" },
					{
						"time": 2.6,
						"x": 0.998,
						"y": 1.001,
						"curve": [ 0.736, 0.1, 0.861, 0.69 ]
					},
					{ "time": 2.7333, "x": 1, "y": 1 }
				],
				"shear": [
					{ "time": 2.4, "x": 0, "y": 0, "curve": "stepped" },
					{ "time": 2.4333, "x": 0.05, "y": 0, "curve": "stepped" },
					{
						"time": 2.6,
						"x": 0.05,
						"y": 0,
						"curve": [ 0.736, 0.1, 0.861, 0.69 ]
					},
					{ "time": 2.7333, "x": 0, "y": 0 }
				]
			},
			"game38": {
				"rotate": [
					{ "time": 2.4, "angle": 0, "curve": "stepped" },
					{ "time": 2.4333, "angle": 0, "curve": "stepped" },
					{ "time": 2.6, "angle": 0, "curve": "stepped" },
					{ "time": 2.7333, "angle": 0, "curve": "stepped" },
					{ "time": 2.9333, "angle": 0 }
				],
				"scale": [
					{ "time": 2.4, "x": 1, "y": 1, "curve": "stepped" },
					{ "time": 2.4333, "x": 1, "y": 1, "curve": "stepped" },
					{ "time": 2.6, "x": 1, "y": 1, "curve": "stepped" },
					{ "time": 2.7333, "x": 1, "y": 1 }
				],
				"shear": [
					{ "time": 2.4, "x": 0, "y": 0, "curve": "stepped" },
					{ "time": 2.4333, "x": 0.1, "y": 0, "curve": "stepped" },
					{
						"time": 2.6,
						"x": 0.1,
						"y": 0,
						"curve": [ 0.736, 0.1, 0.861, 0.69 ]
					},
					{ "time": 2.7333, "x": 0, "y": 0 }
				]
			},
			"zp12": {
				"rotate": [
					{
						"time": 1.9,
						"angle": 0,
						"curve": [ 0.25, 0, 0.75, 1 ]
					},
					{
						"time": 2.0333,
						"angle": -37.03,
						"curve": [ 0.139, 0.28, 0.75, 1 ]
					},
					{
						"time": 2.2667,
						"angle": 104.38,
						"curve": [ 0.736, 0.1, 0.861, 0.69 ]
					},
					{ "time": 2.4333, "angle": 64.19, "curve": "stepped" },
					{
						"time": 2.6,
						"angle": 64.19,
						"curve": [ 0.25, 0, 0.75, 1 ]
					},
					{ "time": 2.7333, "angle": 90, "curve": "stepped" },
					{
						"time": 2.9333,
						"angle": 90,
						"curve": [ 0.736, 0.1, 0.861, 0.69 ]
					},
					{
						"time": 3.1667,
						"angle": -89.6,
						"curve": [ 0.139, 0.28, 0.75, 1 ]
					},
					{ "time": 3.3333, "angle": -179.55 }
				],
				"translate": [
					{
						"time": 0.1,
						"x": 0,
						"y": 0,
						"curve": [ 0.25, 0, 0.75, 1 ]
					},
					{
						"time": 0.2333,
						"x": 0,
						"y": -146.38,
						"curve": [ 0.25, 0, 0.75, 1 ]
					},
					{
						"time": 0.3667,
						"x": 0,
						"y": -120.29,
						"curve": [ 0.25, 0, 0.75, 1 ]
					},
					{ "time": 0.6667, "x": 0, "y": 104.47, "curve": "stepped" },
					{
						"time": 0.8333,
						"x": 0,
						"y": -162.06,
						"curve": [ 0.243, 0, 0.649, 0.6 ]
					},
					{
						"time": 0.9667,
						"x": 0,
						"y": 3.53,
						"curve": [ 0.382, 0.57, 0.735, 1 ]
					},
					{ "time": 1.0333, "x": 0, "y": -15.95, "curve": "stepped" },
					{
						"time": 1.1333,
						"x": 0,
						"y": -15.95,
						"curve": [ 0.243, 0, 0.649, 0.6 ]
					},
					{
						"time": 1.2667,
						"x": 0,
						"y": 171.46,
						"curve": [ 0.382, 0.57, 0.735, 1 ]
					},
					{
						"time": 1.3333,
						"x": 0,
						"y": 137.42,
						"curve": [ 0.25, 0, 0.75, 1 ]
					},
					{
						"time": 1.4333,
						"x": 0,
						"y": 102.98,
						"curve": [ 0.25, 0, 0.75, 1 ]
					},
					{
						"time": 1.5333,
						"x": 0,
						"y": 120.78,
						"curve": [ 0.25, 0, 0.75, 1 ]
					},
					{ "time": 1.6667, "x": 0, "y": 0, "curve": "stepped" },
					{
						"time": 1.7667,
						"x": 0,
						"y": 0,
						"curve": [ 0.242, 0, 0.667, 0.67 ]
					},
					{
						"time": 1.8667,
						"x": -183.42,
						"y": 0,
						"curve": [ 0.379, 0.6, 0.724, 1 ]
					},
					{
						"time": 1.9,
						"x": -192.92,
						"y": 8.12,
						"curve": [ 0.247, 0.29, 0.586, 0.63 ]
					},
					{
						"time": 2.0333,
						"x": 106.9,
						"y": 101.48,
						"curve": [ 0.139, 0.28, 0.75, 1 ]
					},
					{
						"time": 2.2667,
						"x": 171.32,
						"y": -11.92,
						"curve": [ 0.736, 0.1, 0.861, 0.69 ]
					},
					{ "time": 2.4333, "x": 49.92, "y": -18.47, "curve": "stepped" },
					{
						"time": 2.6,
						"x": 49.92,
						"y": -18.47,
						"curve": [ 0.25, 0, 0.75, 1 ]
					},
					{ "time": 2.7333, "x": 0, "y": -24.82, "curve": "stepped" },
					{
						"time": 2.9333,
						"x": 0,
						"y": -24.82,
						"curve": [ 0.139, 0.28, 0.553, 1 ]
					},
					{
						"time": 3.3333,
						"x": 0,
						"y": 61.32,
						"curve": [ 0.25, 0, 0.75, 1 ]
					},
					{
						"time": 3.4,
						"x": 0,
						"y": 0,
						"curve": [ 0.139, 0.28, 0.75, 1 ]
					},
					{
						"time": 3.5333,
						"x": 0,
						"y": 89.79,
						"curve": [ 0.736, 0.1, 0.861, 0.69 ]
					},
					{ "time": 4, "x": 0, "y": 0 }
				]
			},
			"game45": {
				"rotate": [
					{ "time": 2.4, "angle": 0, "curve": "stepped" },
					{ "time": 2.4333, "angle": -0.13, "curve": "stepped" },
					{
						"time": 2.6,
						"angle": -0.13,
						"curve": [ 0.736, 0.1, 0.861, 0.69 ]
					},
					{ "time": 2.7333, "angle": 0, "curve": "stepped" },
					{ "time": 2.9333, "angle": 0 }
				],
				"scale": [
					{ "time": 2.4, "x": 1, "y": 1, "curve": "stepped" },
					{ "time": 2.4333, "x": 0.966, "y": 1.03, "curve": "stepped" },
					{
						"time": 2.6,
						"x": 0.966,
						"y": 1.03,
						"curve": [ 0.736, 0.1, 0.861, 0.69 ]
					},
					{ "time": 2.7333, "x": 1, "y": 1 }
				],
				"shear": [
					{ "time": 2.4, "x": 0, "y": 0, "curve": "stepped" },
					{ "time": 2.4333, "x": 2.43, "y": 0.79, "curve": "stepped" },
					{
						"time": 2.6,
						"x": 2.43,
						"y": 0.79,
						"curve": [ 0.736, 0.1, 0.861, 0.69 ]
					},
					{ "time": 2.7333, "x": 0, "y": 0 }
				]
			},
			"game44": {
				"rotate": [
					{ "time": 2.4, "angle": 0, "curve": "stepped" },
					{ "time": 2.4333, "angle": 3.95, "curve": "stepped" },
					{
						"time": 2.6,
						"angle": 3.95,
						"curve": [ 0.736, 0.1, 0.861, 0.69 ]
					},
					{ "time": 2.7333, "angle": 0, "curve": "stepped" },
					{ "time": 2.9333, "angle": 0 }
				],
				"scale": [
					{ "time": 2.4, "x": 1, "y": 1, "curve": "stepped" },
					{ "time": 2.4333, "x": 0.982, "y": 1.01, "curve": "stepped" },
					{
						"time": 2.6,
						"x": 0.982,
						"y": 1.01,
						"curve": [ 0.736, 0.1, 0.861, 0.69 ]
					},
					{ "time": 2.7333, "x": 1, "y": 1 }
				],
				"shear": [
					{ "time": 2.4, "x": 0, "y": 0, "curve": "stepped" },
					{ "time": 2.4333, "x": 1.09, "y": 0, "curve": "stepped" },
					{
						"time": 2.6,
						"x": 1.09,
						"y": 0,
						"curve": [ 0.736, 0.1, 0.861, 0.69 ]
					},
					{ "time": 2.7333, "x": 0, "y": 0 }
				]
			},
			"game43": {
				"rotate": [
					{ "time": 2.4, "angle": 0, "curve": "stepped" },
					{ "time": 2.4333, "angle": 0.06, "curve": "stepped" },
					{
						"time": 2.6,
						"angle": 0.06,
						"curve": [ 0.736, 0.1, 0.861, 0.69 ]
					},
					{ "time": 2.7333, "angle": 0, "curve": "stepped" },
					{ "time": 2.9333, "angle": 0 }
				],
				"scale": [
					{ "time": 2.4, "x": 1, "y": 1, "curve": "stepped" },
					{ "time": 2.4333, "x": 0.998, "y": 1.001, "curve": "stepped" },
					{
						"time": 2.6,
						"x": 0.998,
						"y": 1.001,
						"curve": [ 0.736, 0.1, 0.861, 0.69 ]
					},
					{ "time": 2.7333, "x": 1, "y": 1 }
				],
				"shear": [
					{ "time": 2.4, "x": 0, "y": 0, "curve": "stepped" },
					{ "time": 2.4333, "x": 0.05, "y": 0, "curve": "stepped" },
					{
						"time": 2.6,
						"x": 0.05,
						"y": 0,
						"curve": [ 0.736, 0.1, 0.861, 0.69 ]
					},
					{ "time": 2.7333, "x": 0, "y": 0 }
				]
			},
			"game42": {
				"rotate": [
					{ "time": 2.4, "angle": 0, "curve": "stepped" },
					{ "time": 2.4333, "angle": 0, "curve": "stepped" },
					{ "time": 2.6, "angle": 0, "curve": "stepped" },
					{ "time": 2.7333, "angle": 0, "curve": "stepped" },
					{ "time": 2.9333, "angle": 0 }
				],
				"scale": [
					{ "time": 2.4, "x": 1, "y": 1, "curve": "stepped" },
					{ "time": 2.4333, "x": 1, "y": 1, "curve": "stepped" },
					{ "time": 2.6, "x": 1, "y": 1, "curve": "stepped" },
					{ "time": 2.7333, "x": 1, "y": 1 }
				],
				"shear": [
					{ "time": 2.4, "x": 0, "y": 0, "curve": "stepped" },
					{ "time": 2.4333, "x": 0.1, "y": 0, "curve": "stepped" },
					{
						"time": 2.6,
						"x": 0.1,
						"y": 0,
						"curve": [ 0.736, 0.1, 0.861, 0.69 ]
					},
					{ "time": 2.7333, "x": 0, "y": 0 }
				]
			}
		}
	}
}
}